provider,backend,model,input_tokens,output_tokens,total_tokens,cached_input_tokens,reasoning_tokens,audio_input_tokens,audio_output_tokens,recorded_at_unix,prompt_user_message,prompt_system_message,attempt,total_attempts,attempt_status,will_retry,duration_ms,response_chars,json_parse_method,step,phase,cell_idx,cell_barcode,stage1_label,error_type,error_message,response_text
stage2,Stage2SchemaValidator,,,,,,,,,1785383241.4759505,"This annotation may have minor inaccuracies, or may have been confused with a neighboring type.

Return a JSON object with gene programs for:
  1. The fine-grained subtypes of this cell type commonly found in nose.
  2. The most commonly confused neighboring cell types in nose.

Each key is a subtype/cell-type name; each value contains:
  ""genes"": list anywhere from 20 to 50 genes most specifically UPREGULATED in that subtype (HGNC symbols as they appear in RNA-seq count matrices, e.g. NKG7 not Nkg7)
  ""description"": one-sentence biological description

Include 3-5 subtypes total. Focus on subtypes commonly found in nose.
Return only the JSON.

A single cell in nose was annotated in a first pass as: ""multiciliated columnar cell of tracheobronchial tree""
",You are an expert computational biologist specializing in single-cell transcriptomics. Respond ONLY with a valid JSON object.,1,3,format_error,True,0,,,stage2_program_query,precompute,-1,<precompute>,multiciliated columnar cell of tracheobronchial tree,ValueError,"Stage-2 subtype 'subtypes' must include both 'genes' and 'description': {'Classical FOXJ1-hi Ciliated Cell': {'genes': ['FOXJ1', 'CCDC153', 'CFAP126', 'TEKT1', 'SNTN', 'CAPS', 'TPPP3', 'DNAH5', 'DNAI1', 'CCDC114', 'ARMC4', 'CCDC39', 'CCDC40', 'RSPH4A', 'RSPH9', 'CFAP53', 'CFAP69', 'CCDC103', 'LRRC6', 'ZMYND10', 'SPAG6', 'DNAAF1', 'DNAAF3', 'DRC1', 'CCDC65', 'CCDC151', 'NME5', 'ROPN1L', 'WDR16', 'CFAP298', 'CCDC181', 'CCDC78', 'TEKT2', 'EFCAB1'], 'description': 'The predominant multiciliated cell population strongly expressing the master regulator FOXJ1 and a full complement of motile cilia structural components.'}, 'Immunocompetent Ciliated Cell': {'genes': ['HLA-DRA', 'HLA-DPB1', 'CD74', 'CIITA', 'STAT1', 'IRF1', 'IRF7', 'IFITM1', 'IFITM3', 'IFI6', 'GBP1', 'GBP4', 'AIM2', 'CASP1', 'IL18', 'CXCL10', 'CCL5', 'PSMB8', 'PSMB9', 'TAP1', 'TAP2', 'HLA-DMA', 'HLA-DMB', 'HLA-DOA', 'LY6E', 'OAS1', 'OASL', 'MX1', 'MX2'], 'description': 'A ciliated cell subtype with upregulated MHC class II and interferon-response genes, potentially involved in immune surveillance and response to pathogens.'}, 'Detoxifying Ciliated Cell': {'genes': ['CYP2F1', 'ALDH3A1', 'AKR1C3', 'CYP2A13', 'GPX2', 'GSTA1', 'AKR1B10', 'NQO1', 'TXNRD1', 'CYP2S1', 'CYP4B1', 'ADH7', 'ALDH1A3', 'EPHX1', 'SULT1A1', 'SULT1C2', 'UGT1A6', 'CES1', 'CES2', 'FMO3', 'PTGS1', 'SLC7A11'], 'description': 'Ciliated cells enriched in xenobiotic-metabolizing enzymes including phase I and II detoxification genes, likely protecting the airway epithelium.'}}","{""subtypes"": {""Classical FOXJ1-hi Ciliated Cell"": {""genes"": [""FOXJ1"", ""CCDC153"", ""CFAP126"", ""TEKT1"", ""SNTN"", ""CAPS"", ""TPPP3"", ""DNAH5"", ""DNAI1"", ""CCDC114"", ""ARMC4"", ""CCDC39"", ""CCDC40"", ""RSPH4A"", ""RSPH9"", ""CFAP53"", ""CFAP69"", ""CCDC103"", ""LRRC6"", ""ZMYND10"", ""SPAG6"", ""DNAAF1"", ""DNAAF3"", ""DRC1"", ""CCDC65"", ""CCDC151"", ""NME5"", ""ROPN1L"", ""WDR16"", ""CFAP298"", ""CCDC181"", ""CCDC78"", ""TEKT2"", ""EFCAB1""], ""description"": ""The predominant multiciliated cell population strongly expressing the master regulator FOXJ1 and a full complement of motile cilia structural components.""}, ""Immunocompetent Ciliated Cell"": {""genes"": [""HLA-DRA"", ""HLA-DPB1"", ""CD74"", ""CIITA"", ""STAT1"", ""IRF1"", ""IRF7"", ""IFITM1"", ""IFITM3"", ""IFI6"", ""GBP1"", ""GBP4"", ""AIM2"", ""CASP1"", ""IL18"", ""CXCL10"", ""CCL5"", ""PSMB8"", ""PSMB9"", ""TAP1"", ""TAP2"", ""HLA-DMA"", ""HLA-DMB"", ""HLA-DOA"", ""LY6E"", ""OAS1"", ""OASL"", ""MX1"", ""MX2""], ""description"": ""A ciliated cell subtype with upregulated MHC class II and interferon-response genes, potentially involved in immune surveillance and response to pathogens.""}, ""Detoxifying Ciliated Cell"": {""genes"": [""CYP2F1"", ""ALDH3A1"", ""AKR1C3"", ""CYP2A13"", ""GPX2"", ""GSTA1"", ""AKR1B10"", ""NQO1"", ""TXNRD1"", ""CYP2S1"", ""CYP4B1"", ""ADH7"", ""ALDH1A3"", ""EPHX1"", ""SULT1A1"", ""SULT1C2"", ""UGT1A6"", ""CES1"", ""CES2"", ""FMO3"", ""PTGS1"", ""SLC7A11""], ""description"": ""Ciliated cells enriched in xenobiotic-metabolizing enzymes including phase I and II detoxification genes, likely protecting the airway epithelium.""}}, ""confused_cell_types"": {""Goblet Cell"": {""genes"": [""MUC5AC"", ""MUC5B"", ""TFF3"", ""SPDEF"", ""FOXA3"", ""AGR2"", ""CLCA1"", ""TFF1"", ""LYZ"", ""LTF"", ""PIGR"", ""DMBT1"", ""ITLN1"", ""MUC4"", ""FCGBP"", ""ZG16"", ""RETNLB"", ""ANO1"", ""BPIFB1"", ""MUC16""], ""description"": ""Secretory cell specialized in mucin production, characterized by high MUC5AC and MUC5B expression, providing mucus for host defense.""}, ""Club Cell"": {""genes"": [""SCGB1A1"", ""SCGB3A1"", ""CYP2F1"", ""CYP2A13"", ""LTF"", ""BPIFA1"", ""BPIFB1"", ""SLPI"", ""WFDC2"", ""SCGB1D2"", ""SCGB2A2"", ""SCGB3A2"", ""ALDH3A1"", ""ALDH1A1"", ""CYP2S1"", ""CES1"", ""AKR1C1"", ""AKR1C2"", ""S100A6"", ""CYP4B1""], ""description"": ""Non-ciliated secretory cell expressing secretoglobins (SCGB1A1, SCGB3A1) and detoxification enzymes, serving as a progenitor and protective cell in the airway.""}, ""Basal Cell"": {""genes"": [""KRT5"", ""TP63"", ""KRT14"", ""KRT15"", ""NGFR"", ""DAPL1"", ""COL17A1"", ""ITGA6"", ""ITGB4"", ""PDPN"", ""AQP3"", ""LGR6"", ""CXCL14"", ""FGFBP2"", ""IGFBP2"", ""S100A2"", ""ANXA1"", ""WNT5A"", ""FZD6"", ""NOTCH1""], ""description"": ""The keratin 5- and p63-expressing airway stem/progenitor cell that resides at the basement membrane and can differentiate into ciliated and secretory cells.""}, ""Ionocyte"": {""genes"": [""FOXI1"", ""CFTR"", ""ATP6V0D2"", ""ASIC3"", ""SLC26A4"", ""SLC26A9"", ""SLC4A11"", ""CLCNKB"", ""KCNMA1"", ""KCNQ1"", ""SCNN1A"", ""SCNN1B"", ""SCNN1G"", ""ATP6V1B1"", ""ATP6V0A4"", ""CA2"", ""CA12"", ""POU2F3"", ""SLC12A2"", ""KIT""], ""description"": ""A rare CFTR-expressing ion-transporting cell type analogous to the intercalated cell, crucial for airway surface liquid regulation.""}}}"
