cell_idx,cell_barcode,true_label,pred_label,pred_celltype,pred_rationale,acc,keyword,llm_binary_judgment,llm_binary
126676,E2L6_ACTGTGAAGAGTTCGG,ASDC,"pDC

The top gene LILRA4 and surface markers CD123 (IL3RA) and CD304 (BDCA-4/Neuropilin-1) are highly specific for plasmacytoid dendritic cells (pDCs). Additional supporting markers include PTGDS, PACSIN1, PLD4, and CLEC12A. The CD4 expression is also consistent with pDCs.",pDC,"The top gene LILRA4 and surface markers CD123 (IL3RA) and CD304 (BDCA-4/Neuropilin-1) are highly specific for plasmacytoid dendritic cells (pDCs). Additional supporting markers include PTGDS, PACSIN1, PLD4, and CLEC12A. The CD4 expression is also consistent with pDCs.",0,0,NO,0
77978,E2L1_TTCCACGCAGTAGAGC,ASDC,"cDC2

Top genes include CLEC10A (CD301) and FLT3, which are classic cDC2 markers, along with PTGDS and THBD. Surface proteins show CD141 (BDCA-3) at rank 10 and CLEC12A, CD123 at lower ranks, but the overall cDC2 profile with CD4 expression (CD4-1) and lack of pDC-specific markers supports cDC2 identity.",cDC2,"Top genes include CLEC10A (CD301) and FLT3, which are classic cDC2 markers, along with PTGDS and THBD. Surface proteins show CD141 (BDCA-3) at rank 10 and CLEC12A, CD123 at lower ranks, but the overall cDC2 profile with CD4 expression (CD4-1) and lack of pDC-specific markers supports cDC2 identity.",0,0,NO,0
105927,E2L4_CCTACGTAGCAAGGAA,ASDC,"pDC

The expression profile shows high levels of IL3RA (CD123), CLEC10A, FCER1A, and FLT3, which are canonical markers of plasmacytoid dendritic cells (pDCs). Surface proteins also include CD123, CD4, and CD93, further confirming pDC identity.",pDC,"The expression profile shows high levels of IL3RA (CD123), CLEC10A, FCER1A, and FLT3, which are canonical markers of plasmacytoid dendritic cells (pDCs). Surface proteins also include CD123, CD4, and CD93, further confirming pDC identity.",0,0,NO,0
18250,L2_CCGGACAAGTTGCGCC,ASDC,pDC,pDC,,0,0,NO,0
159698,E2L8_TCGCAGGTCGACACCG,ASDC,"pDC

The expression of LILRA4, IRF4, SPIB, and NRP1 (CD304) are hallmark markers of plasmacytoid dendritic cells. The surface protein profile confirms this with high CD304 (BDCA-4) and CD123, along with CD4 and CD93, which are characteristic of pDCs in PBMC.",pDC,"The expression of LILRA4, IRF4, SPIB, and NRP1 (CD304) are hallmark markers of plasmacytoid dendritic cells. The surface protein profile confirms this with high CD304 (BDCA-4) and CD123, along with CD4 and CD93, which are characteristic of pDCs in PBMC.",0,0,NO,0
158536,E2L8_TACCGAAAGACTTCGT,B intermediate,B memory,B memory,,0,1,YES,1
21769,L2_GGCTTTCGTATTTCCT,B intermediate,B naive,B naive,,0,1,NO,0
102319,E2L4_AAGGTAAAGTAGTGCG,B intermediate,B memory,B memory,,0,1,NO,0
130599,E2L6_CTACTATTCGCCTAGG,B intermediate,B memory,B memory,,0,1,NO,0
127055,E2L6_AGCGATTAGCTAGCCC,B intermediate,B memory,B memory,,0,1,YES,1
98327,E2L3_GTGGTTAGTCACTAGT,B memory,"B memory
High expression of B cell markers (CD19, CD22, CD72, CD79b, CD21, CD35) and detection of IGHG3 (class-switched IgG) indicates memory B cells. The presence of CD45RA and absence of plasma cell markers further support this classification.",B memory,"High expression of B cell markers (CD19, CD22, CD72, CD79b, CD21, CD35) and detection of IGHG3 (class-switched IgG) indicates memory B cells. The presence of CD45RA and absence of plasma cell markers further support this classification.",1,1,YES,1
140608,E2L7_CAAAGAAGTTGGCCGT,B memory,"B memory

The surface protein profile shows high expression of CD19, CD22, CD21, and CD27, which are canonical B cell markers, with CD27 indicating a memory phenotype. CD35 and CD73 further support B cell identity. The gene expression is less typical but consistent with a B cell lineage.",B memory,"The surface protein profile shows high expression of CD19, CD22, CD21, and CD27, which are canonical B cell markers, with CD27 indicating a memory phenotype. CD35 and CD73 further support B cell identity. The gene expression is less typical but consistent with a B cell lineage.",1,1,YES,1
91040,E2L3_AATAGAGCATCTTAGG,B memory,"B intermediate

The top surface proteins include CD19, CD72, CD22, and CD21, which are classic B cell markers. The presence of IGHA1 and IGHA2 in the top expressed genes suggests immunoglobulin heavy chain expression, consistent with an intermediate or memory B cell stage. The lack of CD27 as a top marker (though present) and the expression of CD35 and CD93 further support a B intermediate phenotype rather than naive or fully differentiated memory/plasmablast.",B intermediate,"The top surface proteins include CD19, CD72, CD22, and CD21, which are classic B cell markers. The presence of IGHA1 and IGHA2 in the top expressed genes suggests immunoglobulin heavy chain expression, consistent with an intermediate or memory B cell stage. The lack of CD27 as a top marker (though present) and the expression of CD35 and CD93 further support a B intermediate phenotype rather than naive or fully differentiated memory/plasmablast.",0,1,YES,1
81986,E2L2_CATACCCAGCTGAAAT,B memory,"B naive

The top ADT markers show strong expression of CD19, CD22, CD21, and CD35, which are characteristic of B cells. The absence of CD27 and presence of CD45RA suggest a naive phenotype. Gene expression of COCH and TEX9 is consistent with B cells. CD4-1 and CD8a are low, ruling out T cells. CD14 and CD16 are absent, excluding monocytes. CD56 is not expressed, excluding NK cells. CD27 is expressed at moderate levels, but the overall profile points to naive B cells.",B naive,"The top ADT markers show strong expression of CD19, CD22, CD21, and CD35, which are characteristic of B cells. The absence of CD27 and presence of CD45RA suggest a naive phenotype. Gene expression of COCH and TEX9 is consistent with B cells. CD4-1 and CD8a are low, ruling out T cells. CD14 and CD16 are absent, excluding monocytes. CD56 is not expressed, excluding NK cells. CD27 is expressed at moderate levels, but the overall profile points to naive B cells.",0,1,NO,0
49047,L4_TAGGAGGCAAAGGAGA,B memory,"B memory

High expression of CD19, CD27, CD21, CD22, and CD72 in both RNA and surface protein points to a mature B cell with memory phenotype, as CD27 is a canonical memory marker. CD35 and CD48 further support B cell identity.",B memory,"High expression of CD19, CD27, CD21, CD22, and CD72 in both RNA and surface protein points to a mature B cell with memory phenotype, as CD27 is a canonical memory marker. CD35 and CD48 further support B cell identity.",1,1,YES,1
97325,E2L3_GGGACAAGTACAAGTA,B naive,"B naive

The expression of CD19, CD22, CD72, CD73, IgD, and CD21 strongly indicates a B cell identity. The presence of IgD and CD21, along with the absence of plasma cell markers (like CD138) or memory B cell markers, points to a naive B cell phenotype. The top expressed genes include some less common markers but the surface protein profile is definitive for B naive cells.",B naive,"The expression of CD19, CD22, CD72, CD73, IgD, and CD21 strongly indicates a B cell identity. The presence of IgD and CD21, along with the absence of plasma cell markers (like CD138) or memory B cell markers, points to a naive B cell phenotype. The top expressed genes include some less common markers but the surface protein profile is definitive for B naive cells.",1,1,YES,1
44433,L4_CGTCCATCACATTACG,B naive,"B naive
The top ADT markers include strong B cell markers CD19, CD22, CD72, IgD, CD21, and CD35, with high IgD indicating naive status. Although some T cell markers appear, the dominant B cell phenotype supports a naive B cell identity.",B naive,"The top ADT markers include strong B cell markers CD19, CD22, CD72, IgD, CD21, and CD35, with high IgD indicating naive status. Although some T cell markers appear, the dominant B cell phenotype supports a naive B cell identity.",1,1,YES,1
83619,E2L2_CTCAATTTCGTCACCT,B naive,"B intermediate

The top expressed gene and surface protein is CD19, a definitive B cell marker. The presence of IgD, CD22, CD72, and CD21, along with the absence of high CD27 (typical of memory) or CD38 (plasmablast), indicates an intermediate B cell stage, likely transitioning from naive to memory.",B intermediate,"The top expressed gene and surface protein is CD19, a definitive B cell marker. The presence of IgD, CD22, CD72, and CD21, along with the absence of high CD27 (typical of memory) or CD38 (plasmablast), indicates an intermediate B cell stage, likely transitioning from naive to memory.",0,1,NO,0
82386,E2L2_CCACGTTCACGTATAC,B naive,"B naive

The surface protein profile shows high expression of B cell markers CD19, CD72, CD35, IgD, CD22, and CD21. IgD is a hallmark of naive B cells, and the absence of plasma cell markers like CD138 supports a naive B cell identity.",B naive,"The surface protein profile shows high expression of B cell markers CD19, CD72, CD35, IgD, CD22, and CD21. IgD is a hallmark of naive B cells, and the absence of plasma cell markers like CD138 supports a naive B cell identity.",1,1,YES,1
137198,E2L6_TTCTAGTCACACCGCA,B naive,B naive,B naive,,1,1,YES,1
31018,L3_CCCGGAACAGCATCTA,CD14 Mono,"CD14 Mono  
High expression of CD14, CD11b, CD18, and CD4 (low) with monocyte markers like CLEC12A and CD93; absence of T, B, NK, or DC-specific markers.",CD14 Mono,"High expression of CD14, CD11b, CD18, and CD4 (low) with monocyte markers like CLEC12A and CD93; absence of T, B, NK, or DC-specific markers.",1,1,YES,1
141301,E2L7_CATCCCACAGATTTCG,CD14 Mono,"Platelet

The top ADT markers include CD41 (a classic platelet marker) and CD62P (P-selectin, platelet activation marker), along with high expression of CD31 and integral membrane protein CD35. Gene expression shows HCAR2 (nicotinic acid receptor on platelets), ITIH4 (plasma protein associated with platelets), and TNNT1 (troponin, found in platelets).",Platelet,"The top ADT markers include CD41 (a classic platelet marker) and CD62P (P-selectin, platelet activation marker), along with high expression of CD31 and integral membrane protein CD35. Gene expression shows HCAR2 (nicotinic acid receptor on platelets), ITIH4 (plasma protein associated with platelets), and TNNT1 (troponin, found in platelets).",0,0,NO,0
136796,E2L6_TGTTCCGTCCTATTTG,CD14 Mono,"Platelet

The top surface protein markers include CD41 (a key platelet marker), CD62P (P-selectin, expressed on activated platelets), and CD31 (also on platelets). The gene expression profile lacks typical lymphoid or myeloid markers, and the presence of SERPING1 and TNFAIP6 is consistent with platelet biology.",Platelet,"The top surface protein markers include CD41 (a key platelet marker), CD62P (P-selectin, expressed on activated platelets), and CD31 (also on platelets). The gene expression profile lacks typical lymphoid or myeloid markers, and the presence of SERPING1 and TNFAIP6 is consistent with platelet biology.",0,0,NO,0
52034,L4_TTGCGTCAGGTCCGAA,CD14 Mono,"Platelet

The top expressed surface proteins are dominated by platelet markers including CD62P (P-selectin), CD41 (integrin alpha IIb), and CD31 (PECAM-1), with additional platelet-associated markers such as CD63 and CD9. The gene expression profile also shows markers like PRLR and EPHB2 consistent with megakaryocyte/platelet lineage.",Platelet,"The top expressed surface proteins are dominated by platelet markers including CD62P (P-selectin), CD41 (integrin alpha IIb), and CD31 (PECAM-1), with additional platelet-associated markers such as CD63 and CD9. The gene expression profile also shows markers like PRLR and EPHB2 consistent with megakaryocyte/platelet lineage.",0,0,NO,0
108639,E2L4_GCTTGGGCAAACCATC,CD14 Mono,"Platelet
The surface protein profile is highly specific for platelets, with strong expression of CD41, CD61, CD62P, CD42b, and CLEC2. These markers are classic for megakaryocyte-derived platelets.",Platelet,"The surface protein profile is highly specific for platelets, with strong expression of CD41, CD61, CD62P, CD42b, and CLEC2. These markers are classic for megakaryocyte-derived platelets.",0,0,NO,0
144194,E2L7_GATGACTCACAAAGTA,CD16 Mono,"Platelet

High expression of CD41 (GPIIb), CD62P (P-selectin), CD31, CD49b, CD9, and CLEC2 are definitive platelet markers. Gene expression includes CASP5 and IFIT3, but the surface protein profile overwhelmingly identifies platelets.",Platelet,"High expression of CD41 (GPIIb), CD62P (P-selectin), CD31, CD49b, CD9, and CLEC2 are definitive platelet markers. Gene expression includes CASP5 and IFIT3, but the surface protein profile overwhelmingly identifies platelets.",0,0,NO,0
125461,E2L5_TTTGGAGAGCGTGCCT,CD16 Mono,Platelet,Platelet,,0,0,NO,0
69446,E2L1_ATCGATGTCATGGCCG,CD16 Mono,Platelet,Platelet,,0,0,NO,0
156840,E2L8_GGAGAACGTGGGAGAG,CD16 Mono,Platelet,Platelet,,0,0,NO,0
107769,E2L4_GAGACCCTCCTTCACG,CD16 Mono,"Platelet
Top surface proteins include CD41, CD62P, CD31, CD49b, CD63, and CD9, all classical platelet markers, confirming this cell type as platelet.",Platelet,"Top surface proteins include CD41, CD62P, CD31, CD49b, CD63, and CD9, all classical platelet markers, confirming this cell type as platelet.",0,0,NO,0
8647,L1_GGTAGAGGTACAAGTA,CD4 CTL,Doublet,Doublet,,0,0,NO,0
74085,E2L1_GGGATCCGTCTGTGCG,CD4 CTL,"Platelet
High expression of platelet surface markers CD41 (ITGA2B), CD62P (SELP), and CD109, with gene expression including TAGLN and SERPINB2 consistent with megakaryocyte/platelet lineage. Other lymphocyte markers are low or background noise, confirming platelet identity.",Platelet,"High expression of platelet surface markers CD41 (ITGA2B), CD62P (SELP), and CD109, with gene expression including TAGLN and SERPINB2 consistent with megakaryocyte/platelet lineage. Other lymphocyte markers are low or background noise, confirming platelet identity.",0,0,NO,0
82541,E2L2_CCCTTAGTCGGAGCAA,CD4 CTL,"CD4 Naive  
The top ADT markers show high CD4 and CD3 expression with moderate CD8a, consistent with CD4+ T cells. The absence of activation markers like CD45RO or CD127 suggests a naive phenotype. The gene expression profile lacks strong cytotoxic or effector signatures, supporting CD4 Naive classification.",CD4 Naive,"The top ADT markers show high CD4 and CD3 expression with moderate CD8a, consistent with CD4+ T cells. The absence of activation markers like CD45RO or CD127 suggests a naive phenotype. The gene expression profile lacks strong cytotoxic or effector signatures, supporting CD4 Naive classification.",0,1,NO,0
116653,E2L5_CACTGTCCAGCGGATA,CD4 CTL,"Platelet

The top ADT markers feature high expression of CD41 (integrin alpha IIb) and CD62P (P-selectin), both canonical for platelets, along with CLEC2, CD9, and CD31. Although CD4 is present, it may reflect ambient RNA or partial contamination; the overall surface profile overwhelmingly points to platelets.",Platelet,"The top ADT markers feature high expression of CD41 (integrin alpha IIb) and CD62P (P-selectin), both canonical for platelets, along with CLEC2, CD9, and CD31. Although CD4 is present, it may reflect ambient RNA or partial contamination; the overall surface profile overwhelmingly points to platelets.",0,0,NO,0
26242,L2_TTCATTGTCTAGCAAC,CD4 CTL,"CD4 Naive  
High expression of CD4 and CD3 with low CD8a, plus CD45 and CD2, typical of naive CD4+ T cells. The top genes (e.g., FAM161B, SPIN2A, MEX3D) are not lineage-defining but the protein markers strongly indicate a CD4+ T cell phenotype without activation or memory markers.",CD4 Naive,"High expression of CD4 and CD3 with low CD8a, plus CD45 and CD2, typical of naive CD4+ T cells. The top genes (e.g., FAM161B, SPIN2A, MEX3D) are not lineage-defining but the protein markers strongly indicate a CD4+ T cell phenotype without activation or memory markers.",0,1,NO,0
142537,E2L7_CGTCAAAAGTGCCAGA,CD4 Naive,"Doublet
The expression profile shows high levels of T cell markers (CD4, CD3, TCR) alongside platelet markers (CD41, CD62P, CD31), strongly suggesting a T cell-platelet doublet. The gene list lacks clear lineage-defining genes, further supporting doublet contamination.",Doublet,"The expression profile shows high levels of T cell markers (CD4, CD3, TCR) alongside platelet markers (CD41, CD62P, CD31), strongly suggesting a T cell-platelet doublet. The gene list lacks clear lineage-defining genes, further supporting doublet contamination.",0,0,NO,0
48353,L4_GTGTGGCGTTAGGCTT,CD4 Naive,CD4 Naive,CD4 Naive,,1,1,YES,1
42761,L4_CACTGGGTCGAACCAT,CD4 Naive,"Treg
The top gene GPA33 is a known specific marker for human regulatory T cells (Tregs). Surface protein data shows strong CD4 and CD3 expression with moderate CD127, consistent with Tregs. Although CD41 and CD62P suggest some platelet presence, the overall profile aligns best with Treg.",Treg,"The top gene GPA33 is a known specific marker for human regulatory T cells (Tregs). Surface protein data shows strong CD4 and CD3 expression with moderate CD127, consistent with Tregs. Although CD41 and CD62P suggest some platelet presence, the overall profile aligns best with Treg.",0,0,NO,0
53605,L5_ACCTACCTCGTCGATA,CD4 Naive,Doublet,Doublet,,0,0,NO,0
154965,E2L8_CTCCATGGTAATACCC,CD4 Naive,"CD4 Naive  
High CD4 expression with moderate CD3, CD27, and CD45, but low CD8a and no effector/memory markers like CD62P or CD95. Gene expression lacks strong cytotoxic or activation signatures.",CD4 Naive,"High CD4 expression with moderate CD3, CD27, and CD45, but low CD8a and no effector/memory markers like CD62P or CD95. Gene expression lacks strong cytotoxic or activation signatures.",1,1,YES,1
49205,L4_TATCTGTTCAGCGCAC,CD4 Proliferating,"CD4 Proliferating

The top expressed genes are strongly enriched for cell cycle and proliferation markers (PCLAF, TK1, MKI67, TYMS, etc.), indicating active proliferation. The surface protein profile shows high CD4 expression along with activation markers like CD71 and CD38, but also CD3 and CD28, confirming a T cell identity. This combination of a CD4+ T cell phenotype with strong proliferation markers matches the CD4 Proliferating cell type.",CD4 Proliferating,"The top expressed genes are strongly enriched for cell cycle and proliferation markers (PCLAF, TK1, MKI67, TYMS, etc.), indicating active proliferation. The surface protein profile shows high CD4 expression along with activation markers like CD71 and CD38, but also CD3 and CD28, confirming a T cell identity. This combination of a CD4+ T cell phenotype with strong proliferation markers matches the CD4 Proliferating cell type.",1,1,YES,1
35733,L3_TAACGACGTGCTCTTC,CD4 Proliferating,"CD4 Proliferating
The gene expression shows strong cell cycle/proliferation markers (PTTG1, CDCA7, E2F1, TOP2A, MCM2, STMN1), and surface proteins include CD4, CD3, CD278 (ICOS), CD27, and notably CD71 (transferrin receptor), indicating an activated, proliferating CD4+ T cell.",CD4 Proliferating,"The gene expression shows strong cell cycle/proliferation markers (PTTG1, CDCA7, E2F1, TOP2A, MCM2, STMN1), and surface proteins include CD4, CD3, CD278 (ICOS), CD27, and notably CD71 (transferrin receptor), indicating an activated, proliferating CD4+ T cell.",1,1,YES,1
53372,L5_ACAGCCGAGAATAGTC,CD4 Proliferating,"CD4 Proliferating
High expression of cell cycle genes (MKI67, PCLAF, TYMS, etc.) and surface markers CD4, CD278 (ICOS), and CD71 indicate an activated, proliferating CD4+ T cell.",CD4 Proliferating,"High expression of cell cycle genes (MKI67, PCLAF, TYMS, etc.) and surface markers CD4, CD278 (ICOS), and CD71 indicate an activated, proliferating CD4+ T cell.",1,1,YES,1
96628,E2L3_GCAACCGCATCGATAC,CD4 Proliferating,"CD4 Proliferating
The top expressed genes are all cell cycle and proliferation markers (MKI67, TK1, TYMS, etc.), indicating active proliferation. The surface protein profile shows high CD4 expression with activation markers (CD278, CD71), consistent with a proliferating CD4+ T cell.",CD4 Proliferating,"The top expressed genes are all cell cycle and proliferation markers (MKI67, TK1, TYMS, etc.), indicating active proliferation. The surface protein profile shows high CD4 expression with activation markers (CD278, CD71), consistent with a proliferating CD4+ T cell.",1,1,YES,1
18041,L2_CCACGTTGTCTACAAC,CD4 Proliferating,"CD4 Proliferating

The top expressed genes are strongly enriched for cell cycle markers (TOP2A, MKI67, CCNB1, CCNA2, AURKA, etc.), indicating active proliferation. The surface protein profile shows high CD4 expression along with activation/proliferation markers like CD71 (transferrin receptor) and CD28, but not CD8a. This pattern is characteristic of proliferating CD4+ T cells, matching the ""CD4 Proliferating"" cell type in the PBMC context.",CD4 Proliferating,"The top expressed genes are strongly enriched for cell cycle markers (TOP2A, MKI67, CCNB1, CCNA2, AURKA, etc.), indicating active proliferation. The surface protein profile shows high CD4 expression along with activation/proliferation markers like CD71 (transferrin receptor) and CD28, but not CD8a. This pattern is characteristic of proliferating CD4+ T cells, matching the ""CD4 Proliferating"" cell type in the PBMC context.",1,1,YES,1
97127,E2L3_GGAATGGAGAGCAAGA,CD4 TCM,"CD4 TCM
The surface protein profile shows high CD4, CD3, CD2, CD27, CD28, CD45RO, and CD127, indicating a CD4+ central memory T cell. CD45RO+CD27+CD28+ pattern is characteristic of TCM, and the absence of naive markers (CD45RA) and presence of memory markers support this identification.",CD4 TCM,"The surface protein profile shows high CD4, CD3, CD2, CD27, CD28, CD45RO, and CD127, indicating a CD4+ central memory T cell. CD45RO+CD27+CD28+ pattern is characteristic of TCM, and the absence of naive markers (CD45RA) and presence of memory markers support this identification.",1,1,YES,1
82656,E2L2_CCGTAGGAGCGGTATG,CD4 TCM,"Doublet

The expression profile shows a mix of T cell markers (CD4, CD3, CD28, CD2, CD27, ICOS) and B cell marker (CD307e/FCRL5), along with CD11b (myeloid), suggesting a doublet between a CD4+ T cell and a B cell or myeloid cell.",Doublet,"The expression profile shows a mix of T cell markers (CD4, CD3, CD28, CD2, CD27, ICOS) and B cell marker (CD307e/FCRL5), along with CD11b (myeloid), suggesting a doublet between a CD4+ T cell and a B cell or myeloid cell.",0,0,NO,0
126353,E2L6_ACCCTCATCTTGGAAC,CD4 TCM,"CD4 Naive  
High expression of CD4, CD3, CD28, CD27, and CD127 (IL-7R) is characteristic of naive CD4+ T cells. The absence of activation/memory markers like CD45RO or high CD95, and presence of CD62P (P-selectin) and CD2 support a naive phenotype. The gene expression profile lacks cytotoxic or effector signatures.",CD4 Naive,"High expression of CD4, CD3, CD28, CD27, and CD127 (IL-7R) is characteristic of naive CD4+ T cells. The absence of activation/memory markers like CD45RO or high CD95, and presence of CD62P (P-selectin) and CD2 support a naive phenotype. The gene expression profile lacks cytotoxic or effector signatures.",0,1,NO,0
19020,L2_CGGTCAGGTGGCTGAA,CD4 TCM,CD4 TCM,CD4 TCM,,1,1,YES,1
52396,L4_TTTGGTTAGTCCCGAC,CD4 TCM,"CD4 TCM
The surface protein profile shows high CD4, CD3, CD2, CD27, CD28, CD127, and CD44-2, along with ICOS (CD278), indicating a CD4+ central memory T cell. The absence of strong naive (low CD44) or effector (low CD27/CD28) markers, and lack of Treg (no CD25) or cytotoxic (no granzymes) signatures, supports this.",CD4 TCM,"The surface protein profile shows high CD4, CD3, CD2, CD27, CD28, CD127, and CD44-2, along with ICOS (CD278), indicating a CD4+ central memory T cell. The absence of strong naive (low CD44) or effector (low CD27/CD28) markers, and lack of Treg (no CD25) or cytotoxic (no granzymes) signatures, supports this.",1,1,YES,1
58171,L5_CGGGTCAGTTCAAGTC,CD4 TEM,"CD4 CTL
The top ADT markers show high CD4 and CD3 with moderate CD8a, typical of CD4+ cytotoxic T cells (CD4 CTL), which can co-express CD8. RAB3A, involved in granule exocytosis, further supports cytotoxic function.",CD4 CTL,"The top ADT markers show high CD4 and CD3 with moderate CD8a, typical of CD4+ cytotoxic T cells (CD4 CTL), which can co-express CD8. RAB3A, involved in granule exocytosis, further supports cytotoxic function.",0,1,YES,1
144908,E2L7_GGAGGATCAGTGACCC,CD4 TEM,"CD4 Naive  
High expression of CD4, CD3, CD2, CD45, and CD28 with no activation/memory markers (e.g., no CD45RO or high CD95) and absence of cytotoxic or myeloid markers. The top genes include CCR4 (chemokine receptor on naive T cells) and several zinc finger proteins, consistent with a resting CD4+ naive T cell phenotype.",CD4 Naive,"High expression of CD4, CD3, CD2, CD45, and CD28 with no activation/memory markers (e.g., no CD45RO or high CD95) and absence of cytotoxic or myeloid markers. The top genes include CCR4 (chemokine receptor on naive T cells) and several zinc finger proteins, consistent with a resting CD4+ naive T cell phenotype.",0,1,NO,0
135391,E2L6_TCCCACACAGTAGAGC,CD4 TEM,"Doublet
The surface protein profile shows a mix of high CD4 and CD3 (T cell markers) alongside high CD307e (FcRL5, a B cell marker), suggesting a T-B cell doublet rather than a single cell type. The top genes lack clear lineage-defining signatures, further supporting doublet detection.",Doublet,"The surface protein profile shows a mix of high CD4 and CD3 (T cell markers) alongside high CD307e (FcRL5, a B cell marker), suggesting a T-B cell doublet rather than a single cell type. The top genes lack clear lineage-defining signatures, further supporting doublet detection.",0,0,NO,0
64280,L5_TCCCATGTCAAGGAGC,CD4 TEM,"CD4 Naive

The top protein markers show high CD4 expression along with CD3, CD2, CD27, and CD127, which are characteristic of naive CD4+ T cells. The absence of activation markers like CD25 (Treg) or CD45RO (memory) and the presence of CD28 and CD27 support a naive phenotype. The gene expression profile does not contradict this assignment.",CD4 Naive,"The top protein markers show high CD4 expression along with CD3, CD2, CD27, and CD127, which are characteristic of naive CD4+ T cells. The absence of activation markers like CD25 (Treg) or CD45RO (memory) and the presence of CD28 and CD27 support a naive phenotype. The gene expression profile does not contradict this assignment.",0,1,NO,0
128389,E2L6_ATTTCACCAAGTGGCA,CD4 TEM,"CD4 Naive

The top expressed genes include CCR6, which is associated with T cell homing, and the surface protein profile shows high CD4, CD3, CD27, and CD28, with CD45-2 and CD127. This combination is characteristic of naive CD4+ T cells, which express CD4, CD3, CD27, CD28, and CD127 (IL-7 receptor) but lack activation or memory markers. The absence of high CD8, NK, or B cell markers further supports this identification.",CD4 Naive,"The top expressed genes include CCR6, which is associated with T cell homing, and the surface protein profile shows high CD4, CD3, CD27, and CD28, with CD45-2 and CD127. This combination is characteristic of naive CD4+ T cells, which express CD4, CD3, CD27, CD28, and CD127 (IL-7 receptor) but lack activation or memory markers. The absence of high CD8, NK, or B cell markers further supports this identification.",0,1,NO,0
16886,L2_ATTGGGTCAAGGAGTC,CD8 Naive,"CD8 Naive
High expression of CD8a, CD8, CD3, CD2, CD45RA, and CD27 with lower CD4 indicates a naive CD8+ T cell phenotype.",CD8 Naive,"High expression of CD8a, CD8, CD3, CD2, CD45RA, and CD27 with lower CD4 indicates a naive CD8+ T cell phenotype.",1,1,YES,1
126275,E2L6_ACATGCAAGCAGTACG,CD8 Naive,"CD8 Naive

High expression of CD8a, CD8, CD27, CD45RA, and CD3 markers, along with low expression of activation or proliferation markers, is characteristic of naive CD8+ T cells.",CD8 Naive,"High expression of CD8a, CD8, CD27, CD45RA, and CD3 markers, along with low expression of activation or proliferation markers, is characteristic of naive CD8+ T cells.",1,1,YES,1
24817,L2_TCTACCGCATAAGATG,CD8 Naive,"CD8 Naive

This cluster shows high expression of CD8a, CD8, CD3, and CD27 with lower CD4, consistent with CD8+ T cells. The lack of activation/proliferation markers (e.g., no high CD28, CD45RO) and presence of CD27 and CD2 suggest a naive phenotype.",CD8 Naive,"This cluster shows high expression of CD8a, CD8, CD3, and CD27 with lower CD4, consistent with CD8+ T cells. The lack of activation/proliferation markers (e.g., no high CD28, CD45RO) and presence of CD27 and CD2 suggest a naive phenotype.",1,1,YES,1
714,L1_ACAAAGACAGTCTACA,CD8 Naive,"CD8 TCM
High expression of CD8, CD3, CD27, and CD28 indicates a CD8+ T cell with central memory phenotype. CD27 and CD28 are characteristic of TCM, and the absence of naive markers like CD45RA suggests TCM over naive.",CD8 TCM,"High expression of CD8, CD3, CD27, and CD28 indicates a CD8+ T cell with central memory phenotype. CD27 and CD28 are characteristic of TCM, and the absence of naive markers like CD45RA suggests TCM over naive.",0,1,NO,0
120110,E2L5_GCCAACGAGAAAGTCT,CD8 Naive,"CD8 Naive

The top surface proteins show high expression of CD8a, CD8, CD3, CD27, CD45RA, and CD2, with low CD4 and no activation markers like CD62P or CD314. The gene expression includes HRASLS2 and PGLYRP2, but lacks proliferation markers like CCNB1 (low rank) or effector molecules. This pattern is consistent with a naive CD8+ T cell.",CD8 Naive,"The top surface proteins show high expression of CD8a, CD8, CD3, CD27, CD45RA, and CD2, with low CD4 and no activation markers like CD62P or CD314. The gene expression includes HRASLS2 and PGLYRP2, but lacks proliferation markers like CCNB1 (low rank) or effector molecules. This pattern is consistent with a naive CD8+ T cell.",1,1,YES,1
129079,E2L6_CATAGACTCGGTCTGG,CD8 Proliferating,"CD8 Proliferating

Explanation: High expression of proliferation markers like MKI67, CCNB1, and TOP2A indicates active cell division. The surface protein profile shows strong CD8a and CD8 expression, along with CD4-1, CD27, and CD28, suggesting a CD8 T cell undergoing proliferation. This aligns with the classification of CD8 Proliferating cells in PBMC.",CD8 Proliferating,"Explanation: High expression of proliferation markers like MKI67, CCNB1, and TOP2A indicates active cell division. The surface protein profile shows strong CD8a and CD8 expression, along with CD4-1, CD27, and CD28, suggesting a CD8 T cell undergoing proliferation. This aligns with the classification of CD8 Proliferating cells in PBMC.",1,1,YES,1
92914,E2L3_ATGAAAGCAGCAGGAT,CD8 Proliferating,"CD8 Proliferating
The gene expression profile shows strong enrichment for cell cycle markers (MKI67, CCNB1, TOP2A, CENPF, CDKN3) characteristic of proliferating T cells. Surface protein markers confirm a T cell identity (CD3, CD8a, CD27) with CD8 being the dominant co-receptor, consistent with proliferating CD8+ T cells in PBMC.",CD8 Proliferating,"The gene expression profile shows strong enrichment for cell cycle markers (MKI67, CCNB1, TOP2A, CENPF, CDKN3) characteristic of proliferating T cells. Surface protein markers confirm a T cell identity (CD3, CD8a, CD27) with CD8 being the dominant co-receptor, consistent with proliferating CD8+ T cells in PBMC.",1,1,YES,1
118255,E2L5_CGTGTCTTCAGAACCT,CD8 Proliferating,"CD8 Proliferating

The top expressed genes are strongly enriched for cell cycle and proliferation markers (CLSPN, TYMS, TK1, PCLAF, CDKN3, CENPM), indicating active proliferation. The surface protein profile shows high CD8a and CD8, along with CD3, CD2, and CD244, confirming a CD8+ T cell lineage. This combination of proliferation markers and CD8+ T cell surface proteins is characteristic of proliferating CD8 T cells.",CD8 Proliferating,"The top expressed genes are strongly enriched for cell cycle and proliferation markers (CLSPN, TYMS, TK1, PCLAF, CDKN3, CENPM), indicating active proliferation. The surface protein profile shows high CD8a and CD8, along with CD3, CD2, and CD244, confirming a CD8+ T cell lineage. This combination of proliferation markers and CD8+ T cell surface proteins is characteristic of proliferating CD8 T cells.",1,1,YES,1
106070,E2L4_CCTTCAGCATCTTAGG,CD8 Proliferating,CD8 Proliferating,CD8 Proliferating,,1,1,YES,1
62759,L5_GTTCGCTAGTACAGAT,CD8 Proliferating,"CD8 Proliferating

The top expressed genes include proliferation markers MKI67, PTTG1, and CENPF, indicating active cell cycling. The surface protein profile shows high CD8a and CD8, with moderate CD4-1, CD2, and CD27, consistent with a CD8+ T cell. The absence of strong naive markers (e.g., CD45RA) and presence of proliferation markers point to a proliferating CD8 T cell subset.",CD8 Proliferating,"The top expressed genes include proliferation markers MKI67, PTTG1, and CENPF, indicating active cell cycling. The surface protein profile shows high CD8a and CD8, with moderate CD4-1, CD2, and CD27, consistent with a CD8+ T cell. The absence of strong naive markers (e.g., CD45RA) and presence of proliferation markers point to a proliferating CD8 T cell subset.",1,1,YES,1
18413,L2_CCTCACAAGTCATGAA,CD8 TCM,CD8 TEM,CD8 TEM,,0,1,NO,0
91542,E2L3_ACGGTCGCAACGACTT,CD8 TCM,"CD8 TCM
The surface protein profile shows high CD8a and CD8, along with CD3, CD2, CD28, and CD127, indicating a CD8+ T cell. The presence of CD127 and CD28 suggests a central memory phenotype (TCM) rather than naive (which would lack CD44) or TEM (which typically lose CD28 and CD127). Gene expression includes DUSP4 and CCR4, supporting T cell identity.",CD8 TCM,"The surface protein profile shows high CD8a and CD8, along with CD3, CD2, CD28, and CD127, indicating a CD8+ T cell. The presence of CD127 and CD28 suggests a central memory phenotype (TCM) rather than naive (which would lack CD44) or TEM (which typically lose CD28 and CD127). Gene expression includes DUSP4 and CCR4, supporting T cell identity.",1,1,YES,1
14648,L2_ACATTTCGTAGCGTTT,CD8 TCM,"CD8 Naive  
High expression of CD8a, CD8, CD27, CD28, and CD3 markers with CD45-2 and CD2, typical of naive CD8+ T cells. Low CD4 and CD127, and absence of activation/proliferation markers.",CD8 Naive,"High expression of CD8a, CD8, CD27, CD28, and CD3 markers with CD45-2 and CD2, typical of naive CD8+ T cells. Low CD4 and CD127, and absence of activation/proliferation markers.",0,1,NO,0
31670,L3_CGCATGGTCCAGGACC,CD8 TCM,CD8 TEM,CD8 TEM,,0,1,YES,1
53943,L5_ACTGTCCAGACCCGCT,CD8 TCM,"CD8 Naive

The top ADT markers show high expression of CD8a, CD8, and CD2, with moderate CD3, CD27, and CD127, consistent with naive CD8+ T cells. The absence of CD4, CD45RO (not listed), and activation markers like CD25 or HLA-DR supports a naive phenotype. The gene expression profile lacks strong lineage-specific markers for other cell types.",CD8 Naive,"The top ADT markers show high expression of CD8a, CD8, and CD2, with moderate CD3, CD27, and CD127, consistent with naive CD8+ T cells. The absence of CD4, CD45RO (not listed), and activation markers like CD25 or HLA-DR supports a naive phenotype. The gene expression profile lacks strong lineage-specific markers for other cell types.",0,1,NO,0
110036,E2L4_GTTACGATCACAGAGG,CD8 TEM,"CD8 Proliferating
Top ADT markers show strong CD8a, CD8, and CD3 expression, confirming CD8+ T cell identity. The presence of CD70 (activation marker) and GMNN (cell cycle regulator) indicates an active, proliferating state, characteristic of CD8 Proliferating cells.",CD8 Proliferating,"Top ADT markers show strong CD8a, CD8, and CD3 expression, confirming CD8+ T cell identity. The presence of CD70 (activation marker) and GMNN (cell cycle regulator) indicates an active, proliferating state, characteristic of CD8 Proliferating cells.",0,1,NO,0
100153,E2L3_TCTCAGCCAGCAGGAT,CD8 TEM,Doublet,Doublet,,0,0,NO,0
128479,E2L6_CAACGATAGCACACAG,CD8 TEM,"CD8 TEM

The surface protein profile shows high expression of CD8a, CD8, and CD3, confirming a CD8+ T cell. The presence of CD57, CD45RA, and CD44, along with CD43 and CD2, is characteristic of effector memory T cells (TEM), which can express CD45RA and CD57. The absence of CD62L also supports a memory phenotype. Therefore, CD8 TEM is the most consistent cell type.",CD8 TEM,"The surface protein profile shows high expression of CD8a, CD8, and CD3, confirming a CD8+ T cell. The presence of CD57, CD45RA, and CD44, along with CD43 and CD2, is characteristic of effector memory T cells (TEM), which can express CD45RA and CD57. The absence of CD62L also supports a memory phenotype. Therefore, CD8 TEM is the most consistent cell type.",1,1,YES,1
15901,L2_AGTACCATCGTGCATA,CD8 TEM,"CD8 Naive  
High expression of CD8a and CD8 surface proteins, along with CD27, CD28, and CD2, indicates a naive CD8+ T cell phenotype. The absence of activation or memory markers and the presence of CD45-2 support this classification.",CD8 Naive,"High expression of CD8a and CD8 surface proteins, along with CD27, CD28, and CD2, indicates a naive CD8+ T cell phenotype. The absence of activation or memory markers and the presence of CD45-2 support this classification.",0,1,NO,0
101375,E2L3_TTCCTTCTCGAGTCTA,CD8 TEM,"CD8 Naive

The top surface proteins show high expression of CD8a, CD8, CD3, and CD2, with lower CD4, indicating a CD8+ T cell. The absence of activation or memory markers (e.g., CD45RO, CD62L low) and presence of CD45-2, CD43, and CD18 suggest a naive phenotype. The gene list lacks strong proliferation or effector markers, supporting a resting naive CD8+ T cell identity.",CD8 Naive,"The top surface proteins show high expression of CD8a, CD8, CD3, and CD2, with lower CD4, indicating a CD8+ T cell. The absence of activation or memory markers (e.g., CD45RO, CD62L low) and presence of CD45-2, CD43, and CD18 suggest a naive phenotype. The gene list lacks strong proliferation or effector markers, supporting a resting naive CD8+ T cell identity.",0,1,NO,0
86497,E2L2_GTCGCGACACAGTGTT,Doublet,"CD4 Proliferating
High expression of proliferation-related genes (INCENP, ASF1B, MTBP, RPA4) and surface markers CD4, CD3, CD27, CD28, CD38 indicate an activated, proliferating CD4 T cell.",CD4 Proliferating,"High expression of proliferation-related genes (INCENP, ASF1B, MTBP, RPA4) and surface markers CD4, CD3, CD27, CD28, CD38 indicate an activated, proliferating CD4 T cell.",0,0,NO,0
4058,L1_CATCAAGCATTGGATC,Doublet,"Platelet

The top expressed surface proteins include CD41 (platelet marker), CD62P (P-selectin, activated platelets), and CD31 (PECAM-1, also on platelets). The gene expression profile lacks typical lymphoid or myeloid markers, and the presence of CD35, CD93, and CD243 further supports a platelet/megakaryocyte lineage.",Platelet,"The top expressed surface proteins include CD41 (platelet marker), CD62P (P-selectin, activated platelets), and CD31 (PECAM-1, also on platelets). The gene expression profile lacks typical lymphoid or myeloid markers, and the presence of CD35, CD93, and CD243 further supports a platelet/megakaryocyte lineage.",0,0,NO,0
46550,L4_GCCAGTGCAGTGGTGA,Doublet,"Platelet

The surface protein profile strongly indicates platelets, with high expression of CD41, CD61, CD42b, CD62P, CLEC2, CD9, and CD63. These are classical platelet markers. The gene expression includes CKB and S100P, which are also found in platelets.",Platelet,"The surface protein profile strongly indicates platelets, with high expression of CD41, CD61, CD42b, CD62P, CLEC2, CD9, and CD63. These are classical platelet markers. The gene expression includes CKB and S100P, which are also found in platelets.",0,0,NO,0
39854,L4_ACAAAGAGTTTAGACC,Doublet,"Platelet
The surface protein markers are strongly indicative of platelets: high CD41 (GPIIb), CD62P (P-selectin), CD61 (GPIIIa), CLEC2, and CD31 are all specific to platelets and megakaryocytes.",Platelet,"The surface protein markers are strongly indicative of platelets: high CD41 (GPIIb), CD62P (P-selectin), CD61 (GPIIIa), CLEC2, and CD31 are all specific to platelets and megakaryocytes.",0,0,NO,0
61036,L5_GGAATCTGTTGACTGT,Doublet,"Platelet
The top ADT markers (CD41, CD42b, CD62P, CD61, CLEC2) are specific to platelets/megakaryocytes, indicating this cell type is a platelet.",Platelet,"The top ADT markers (CD41, CD42b, CD62P, CD61, CLEC2) are specific to platelets/megakaryocytes, indicating this cell type is a platelet.",0,0,NO,0
4464,L1_CCACGTTCAGCTCGGT,Eryth,Doublet,Doublet,,0,0,NO,0
120826,E2L5_GGGCTCAGTATTTCGG,Eryth,"CD4 TCM

The top expressed gene SNCA is associated with T cell activation, and CTLA4 is a key marker for regulatory T cells but also expressed in activated T cells. The surface protein profile shows high CD4, CD3, CD27, CD28, and CD2, which are characteristic of CD4+ T cells. The presence of CD27 and CD28 without naive markers suggests a central memory phenotype (TCM). The lack of high CD45RA or CD62L (not top) and presence of CD49d support this.",CD4 TCM,"The top expressed gene SNCA is associated with T cell activation, and CTLA4 is a key marker for regulatory T cells but also expressed in activated T cells. The surface protein profile shows high CD4, CD3, CD27, CD28, and CD2, which are characteristic of CD4+ T cells. The presence of CD27 and CD28 without naive markers suggests a central memory phenotype (TCM). The lack of high CD45RA or CD62L (not top) and presence of CD49d support this.",0,0,NO,0
159188,E2L8_TCAGTTTTCGTGGGTC,Eryth,Doublet,Doublet,,0,0,NO,0
16212,L2_ATCACAGAGATGCTGG,Eryth,Doublet,Doublet,,0,0,NO,0
155438,E2L8_CTTCTCTAGTATAGGT,Eryth,"Eryth

High expression of HEMGN, HMBS, CPOX, and TUBB2A are characteristic of erythroid progenitors. Strong surface expression of CD71 (transferrin receptor) and CD235ab (glycophorin A) are definitive markers of erythroid cells in PBMC context.",Eryth,"High expression of HEMGN, HMBS, CPOX, and TUBB2A are characteristic of erythroid progenitors. Strong surface expression of CD71 (transferrin receptor) and CD235ab (glycophorin A) are definitive markers of erythroid cells in PBMC context.",1,1,YES,1
20831,L2_GATGACTCAGGTATGG,HSPC,"Eryth

The top expressed genes include SNCA, HEMGN, SLC25A37, SMIM1, and TENT5C, which are strongly associated with erythroid development. The surface protein profile shows high CD71 (transferrin receptor) and CD235ab (glycophorin A/B), both classic markers of erythroid precursors. This combination is characteristic of erythroblasts or erythroid cells.",Eryth,"The top expressed genes include SNCA, HEMGN, SLC25A37, SMIM1, and TENT5C, which are strongly associated with erythroid development. The surface protein profile shows high CD71 (transferrin receptor) and CD235ab (glycophorin A/B), both classic markers of erythroid precursors. This combination is characteristic of erythroblasts or erythroid cells.",0,0,NO,0
29399,L3_ATCGTGAAGTCAAGCG,HSPC,"HSPC

The top expressed genes include PRSS57, MYB, and EGFL7, which are markers of hematopoietic stem and progenitor cells (HSPCs). The surface protein profile shows high CD34, CD71, and CD133-2, all classic HSPC markers. CD4 and CD8 are also present at lower levels, consistent with early progenitor stages.",HSPC,"The top expressed genes include PRSS57, MYB, and EGFL7, which are markers of hematopoietic stem and progenitor cells (HSPCs). The surface protein profile shows high CD34, CD71, and CD133-2, all classic HSPC markers. CD4 and CD8 are also present at lower levels, consistent with early progenitor stages.",1,1,YES,1
41140,L4_AGGCTGCAGTGCCCGT,HSPC,"HSPC

The gene expression includes PRSS57, a marker for hematopoietic stem and progenitor cells, and the top surface proteins show high levels of stem cell markers CD34, CD117, CD133-1/2, and CD71, consistent with HSPC. The presence of CD41 and CD62P also suggests megakaryocytic potential, further supporting an HSPC identity.",HSPC,"The gene expression includes PRSS57, a marker for hematopoietic stem and progenitor cells, and the top surface proteins show high levels of stem cell markers CD34, CD117, CD133-1/2, and CD71, consistent with HSPC. The presence of CD41 and CD62P also suggests megakaryocytic potential, further supporting an HSPC identity.",1,1,YES,1
10570,L1_TCAAGACAGGCACTAG,HSPC,"HSPC

The top expressed genes include SPINK2, PRSS57, EGFL7, and GUCY1A1, which are markers of hematopoietic stem and progenitor cells (HSPCs). The surface protein profile shows high expression of CD34, CD133, and CD31, all classic HSPC markers, along with CD4-1 and CD48. This combination is characteristic of HSPCs in PBMC.",HSPC,"The top expressed genes include SPINK2, PRSS57, EGFL7, and GUCY1A1, which are markers of hematopoietic stem and progenitor cells (HSPCs). The surface protein profile shows high expression of CD34, CD133, and CD31, all classic HSPC markers, along with CD4-1 and CD48. This combination is characteristic of HSPCs in PBMC.",1,1,YES,1
49784,L4_TCCCACACATGCAGCC,HSPC,"HSPC

High expression of CD34, CD133, and CD93 surface proteins, along with CD31 and CD41, is characteristic of hematopoietic stem/progenitor cells. Gene-level expression includes MN1 and SPINK2, which are involved in hematopoiesis, supporting HSPC identity.",HSPC,"High expression of CD34, CD133, and CD93 surface proteins, along with CD31 and CD41, is characteristic of hematopoietic stem/progenitor cells. Gene-level expression includes MN1 and SPINK2, which are involved in hematopoiesis, supporting HSPC identity.",1,1,YES,1
135619,E2L6_TCGCAGGAGGCACCAA,ILC,"CD4 Naive

The top expressed genes (FAM184A, CFH, etc.) are not highly specific, but the surface protein profile shows high CD4-1, CD127, CD45-2, CD43, and CD48, with low CD8a and no strong activation markers (e.g., CD25 is moderate but not dominant). CD127 (IL-7R) is a hallmark of naive and memory CD4 T cells, and the absence of CD45RO or high CD25 suggests a naive phenotype. This matches CD4 Naive cells in PBMC.",CD4 Naive,"The top expressed genes (FAM184A, CFH, etc.) are not highly specific, but the surface protein profile shows high CD4-1, CD127, CD45-2, CD43, and CD48, with low CD8a and no strong activation markers (e.g., CD25 is moderate but not dominant). CD127 (IL-7R) is a hallmark of naive and memory CD4 T cells, and the absence of CD45RO or high CD25 suggests a naive phenotype. This matches CD4 Naive cells in PBMC.",0,0,NO,0
69534,E2L1_ATCTCTAAGCACACCC,ILC,"NK_CD56bright

High expression of CD56 (CD56-2), CD48, and XCL1 strongly indicates NK cells. The additional presence of CD117 (c-kit), CD127, and CD25, along with CD93, points to the CD56bright subset, which is known for cytokine production and expression of these markers. The gene profile including IL1R1 and XCL1 further supports activated NK cell identity.",NK_CD56bright,"High expression of CD56 (CD56-2), CD48, and XCL1 strongly indicates NK cells. The additional presence of CD117 (c-kit), CD127, and CD25, along with CD93, points to the CD56bright subset, which is known for cytokine production and expression of these markers. The gene profile including IL1R1 and XCL1 further supports activated NK cell identity.",0,0,YES,1
52467,L5_AAAGAACCAGTGTGGA,ILC,"Platelet
High expression of platelet-specific surface markers CD41, CD62P, and CLEC2, along with CD31 and CD93, strongly indicates platelet identity despite some immune markers.",Platelet,"High expression of platelet-specific surface markers CD41, CD62P, and CLEC2, along with CD31 and CD93, strongly indicates platelet identity despite some immune markers.",0,0,NO,0
159336,E2L8_TCATTGTTCGTTGCCT,ILC,Treg,Treg,,0,0,NO,0
68687,E2L1_AGCGTATCATGGGTCC,ILC,"HSPC

The top gene IL1R1 and surface protein CD117 (c-Kit) are hallmark markers of hematopoietic stem and progenitor cells (HSPCs). CD117 is a key receptor for stem cell factor and is highly expressed on HSPCs. The co-expression of CD93, CD43, and CD25 further supports an early progenitor phenotype rather than a mature lymphoid or myeloid cell type.",HSPC,"The top gene IL1R1 and surface protein CD117 (c-Kit) are hallmark markers of hematopoietic stem and progenitor cells (HSPCs). CD117 is a key receptor for stem cell factor and is highly expressed on HSPCs. The co-expression of CD93, CD43, and CD25 further supports an early progenitor phenotype rather than a mature lymphoid or myeloid cell type.",0,0,NO,0
51733,L4_TTCATTGTCTCATTAC,MAIT,"Doublet
The expression profile shows both CD4 and CD8 surface markers alongside CD3 and CD2, typical of T cells, but also includes myeloid markers CD11b and CD35. The top genes include IL4I1 and F8, which are not characteristic of a single T cell subset, suggesting a doublet of T and myeloid cells.",Doublet,"The expression profile shows both CD4 and CD8 surface markers alongside CD3 and CD2, typical of T cells, but also includes myeloid markers CD11b and CD35. The top genes include IL4I1 and F8, which are not characteristic of a single T cell subset, suggesting a doublet of T and myeloid cells.",0,0,NO,0
102740,E2L4_ACCATTTAGCTCGGCT,MAIT,"CD8 Naive

High expression of CD8a, CD3, CD2, CD27, and CD28 with lower CD4-1 and CD45-2 suggests a CD8+ T cell. The absence of activation/memory markers (e.g., no high CD95 or CD45RO) and presence of CD27/CD28 indicate a naive phenotype.",CD8 Naive,"High expression of CD8a, CD3, CD2, CD27, and CD28 with lower CD4-1 and CD45-2 suggests a CD8+ T cell. The absence of activation/memory markers (e.g., no high CD95 or CD45RO) and presence of CD27/CD28 indicate a naive phenotype.",0,0,NO,0
91116,E2L3_AATGACCCAGAGGTTG,MAIT,"CD8 Naive

The top surface protein markers show high expression of CD8a and CD8, along with CD2, CD3, and CD28, indicating a T cell lineage. The absence of activation markers like CD62P (P-selectin) and presence of CD45-2, CD44, and CD18 suggest a naive phenotype. The gene expression profile lacks proliferation markers or effector signatures, supporting CD8 Naive classification.",CD8 Naive,"The top surface protein markers show high expression of CD8a and CD8, along with CD2, CD3, and CD28, indicating a T cell lineage. The absence of activation markers like CD62P (P-selectin) and presence of CD45-2, CD44, and CD18 suggest a naive phenotype. The gene expression profile lacks proliferation markers or effector signatures, supporting CD8 Naive classification.",0,0,NO,0
9617,L1_GTGTTCCCACGAAAGC,MAIT,"MAIT

The surface protein profile shows high expression of CD8a, CD8, CD3, and notably TCR-V-7.2 (a canonical MAIT cell marker), along with CD27, CD28, CD127, and CD26. This combination is characteristic of MAIT cells, which are abundant in PBMC and express a semi-invariant T cell receptor. The presence of CD4-1 at lower levels is also consistent with some MAIT subsets.",MAIT,"The surface protein profile shows high expression of CD8a, CD8, CD3, and notably TCR-V-7.2 (a canonical MAIT cell marker), along with CD27, CD28, CD127, and CD26. This combination is characteristic of MAIT cells, which are abundant in PBMC and express a semi-invariant T cell receptor. The presence of CD4-1 at lower levels is also consistent with some MAIT subsets.",1,1,YES,1
85174,E2L2_GCCAGGTAGCCTGAAG,MAIT,"CD8 Naive

The top expressed genes include CCR6 and IFNG-AS1, but the surface protein profile is dominated by CD8a, CD2, CD3, CD28, and CD45, with lower CD4 and CD127. This pattern is consistent with CD8+ T cells. The lack of activation or proliferation markers and presence of CD28 and CD127 suggest a naive phenotype.",CD8 Naive,"The top expressed genes include CCR6 and IFNG-AS1, but the surface protein profile is dominated by CD8a, CD2, CD3, CD28, and CD45, with lower CD4 and CD127. This pattern is consistent with CD8+ T cells. The lack of activation or proliferation markers and presence of CD28 and CD127 suggest a naive phenotype.",0,0,NO,0
89943,E2L2_TTCAGGAAGATAGTCA,NK,"CD8 Proliferating

The top expressed genes include CDKN3, TONSL, and CDCA7, which are associated with cell cycle and proliferation. The surface protein profile shows high CD8a, along with CD2 and CD43, consistent with CD8+ T cells. The presence of proliferation markers and CD8a indicates a proliferating CD8+ T cell.",CD8 Proliferating,"The top expressed genes include CDKN3, TONSL, and CDCA7, which are associated with cell cycle and proliferation. The surface protein profile shows high CD8a, along with CD2 and CD43, consistent with CD8+ T cells. The presence of proliferation markers and CD8a indicates a proliferating CD8+ T cell.",0,0,NO,0
118700,E2L5_CTCTCGAAGCGCGTTC,NK,Doublet,Doublet,,0,0,NO,0
31183,L3_CCGGTAGCAACAAGAT,NK,Doublet,Doublet,,0,0,NO,0
152572,E2L8_ATTCTTGCAGACCATT,NK,"NK

High expression of CD16, CD57, and NK-associated markers CD8a, along with CD38 and low CD4, strongly indicates NK cells. CENPE and other genes are less specific but CD16 is a canonical NK marker.",NK,"High expression of CD16, CD57, and NK-associated markers CD8a, along with CD38 and low CD4, strongly indicates NK cells. CENPE and other genes are less specific but CD16 is a canonical NK marker.",1,1,YES,1
90211,E2L2_TTGAGTGCATTGCCGG,NK,"NK

The top expressed genes include KLRC3 (NKG2E) and TMSB4Y, while surface proteins show high CD16, CD244, and CD8a, with moderate CD38 and CD11b. This combination is characteristic of NK cells, specifically CD16+ cytotoxic NK cells. The absence of CD4 and presence of CD16, CD244, and CD8a (on a subset) confirms NK identity.",NK,"The top expressed genes include KLRC3 (NKG2E) and TMSB4Y, while surface proteins show high CD16, CD244, and CD8a, with moderate CD38 and CD11b. This combination is characteristic of NK cells, specifically CD16+ cytotoxic NK cells. The absence of CD4 and presence of CD16, CD244, and CD8a (on a subset) confirms NK identity.",1,1,YES,1
102579,E2L4_ACACAGTTCGAGTCCG,NK Proliferating,"NK Proliferating

The gene expression profile is dominated by cell cycle and proliferation markers (MKI67, TK1, TOP2A, etc.), indicating a proliferating state. The surface protein markers include NK-associated receptors (CD16, CD158e1, CD244, CD314) and lower levels of CD8a and CD4, consistent with activated NK cells undergoing proliferation.",NK Proliferating,"The gene expression profile is dominated by cell cycle and proliferation markers (MKI67, TK1, TOP2A, etc.), indicating a proliferating state. The surface protein markers include NK-associated receptors (CD16, CD158e1, CD244, CD314) and lower levels of CD8a and CD4, consistent with activated NK cells undergoing proliferation.",1,1,YES,1
100010,E2L3_TCGGTCTGTCGCTCGA,NK Proliferating,NK Proliferating,NK Proliferating,,1,1,YES,1
110015,E2L4_GTTACAGTCGCGAAGA,NK Proliferating,"CD8 Proliferating
High expression of cell cycle genes (CCNB1, MKI67, TOP2A) indicates active proliferation. Surface markers show strong CD8a and CD8, with lower CD4, consistent with a proliferating CD8+ T cell.",CD8 Proliferating,"High expression of cell cycle genes (CCNB1, MKI67, TOP2A) indicates active proliferation. Surface markers show strong CD8a and CD8, with lower CD4, consistent with a proliferating CD8+ T cell.",0,1,NO,0
48195,L4_GTGCAGCTCGTGGGAA,NK Proliferating,"CD4 Proliferating

The top expressed genes include E2F1, CLSPN, CDKN3, and CDCA7, which are strongly associated with cell cycle progression and proliferation. The surface protein profile shows high CD4 expression along with CD38, CD43, and CD18, consistent with activated or proliferating CD4+ T cells. The absence of high CD8a and presence of CD4 confirm this is a CD4+ subset actively cycling.",CD4 Proliferating,"The top expressed genes include E2F1, CLSPN, CDKN3, and CDCA7, which are strongly associated with cell cycle progression and proliferation. The surface protein profile shows high CD4 expression along with CD38, CD43, and CD18, consistent with activated or proliferating CD4+ T cells. The absence of high CD8a and presence of CD4 confirm this is a CD4+ subset actively cycling.",0,1,NO,0
58134,L5_CGGGACTGTAACCCTA,NK Proliferating,CD8 Proliferating,CD8 Proliferating,,0,1,NO,0
69634,E2L1_ATGCCTCAGGGAGTGG,NK_CD56bright,NK,NK,,0,0,YES,1
91079,E2L3_AATCGACGTGAGCGAT,NK_CD56bright,Platelet,Platelet,,0,0,NO,0
64417,L5_TCCTGCAGTTAGAAAC,NK_CD56bright,"Doublet
The expression profile shows both CD4 and CD8 surface proteins at high levels, along with CD3 and other T cell markers, indicating a likely doublet of CD4+ and CD8+ T cells. Additionally, the top genes include some non-typical immune markers, further supporting a mixture of cell types.",Doublet,"The expression profile shows both CD4 and CD8 surface proteins at high levels, along with CD3 and other T cell markers, indicating a likely doublet of CD4+ and CD8+ T cells. Additionally, the top genes include some non-typical immune markers, further supporting a mixture of cell types.",0,0,NO,0
155837,E2L8_GACTGATTCATCCCGT,NK_CD56bright,"NK_CD56bright

The top ADT markers show high CD56 (both CD56-2 and CD56-1), along with CD244, CD2, and CD8a, which are characteristic of NK cells. The strong CD56 expression suggests a CD56bright phenotype. CD62P and CD41 may indicate platelet contamination, but the overall profile aligns with NK_CD56bright.",NK_CD56bright,"The top ADT markers show high CD56 (both CD56-2 and CD56-1), along with CD244, CD2, and CD8a, which are characteristic of NK cells. The strong CD56 expression suggests a CD56bright phenotype. CD62P and CD41 may indicate platelet contamination, but the overall profile aligns with NK_CD56bright.",1,1,YES,1
147347,E2L7_TCATGGAGTCACTCAA,NK_CD56bright,"NK

The top expressed genes include CNR2 (CB2 receptor) and DTX1, which are associated with NK cells. The surface protein profile shows high CD56 (both CD56-1 and CD56-2), CD8a, CD244 (2B4), and CD2, all classic NK cell markers. The absence of CD3 and presence of CD56 strongly indicate an NK cell identity.",NK,"The top expressed genes include CNR2 (CB2 receptor) and DTX1, which are associated with NK cells. The surface protein profile shows high CD56 (both CD56-1 and CD56-2), CD8a, CD244 (2B4), and CD2, all classic NK cell markers. The absence of CD3 and presence of CD56 strongly indicate an NK cell identity.",0,0,YES,1
107952,E2L4_GAGTTTGGTAGGCTCC,Plasmablast,"Plasmablast
High expression of plasma cell markers (JCHAIN, MZB1, IGLC2, TNFRSF17, DERL3) with IgD and CD19 surface proteins indicates an activated antibody-secreting B cell at the plasmablast stage.",Plasmablast,"High expression of plasma cell markers (JCHAIN, MZB1, IGLC2, TNFRSF17, DERL3) with IgD and CD19 surface proteins indicates an activated antibody-secreting B cell at the plasmablast stage.",1,1,YES,1
150989,E2L8_ACTGTGATCTGAGAGG,Plasmablast,"Plasmablast

High expression of immunoglobulin genes (IGHG1-4, IGKC, IGLC3), JCHAIN, MZB1, DERL3, and TNFRSF17 (BCMA) is characteristic of antibody-secreting cells. Surface markers CD38, CD27, and CD71 (transferrin receptor) further support a plasmablast identity.",Plasmablast,"High expression of immunoglobulin genes (IGHG1-4, IGKC, IGLC3), JCHAIN, MZB1, DERL3, and TNFRSF17 (BCMA) is characteristic of antibody-secreting cells. Surface markers CD38, CD27, and CD71 (transferrin receptor) further support a plasmablast identity.",1,1,YES,1
115957,E2L5_ATGGAGGGTTAGCTAC,Plasmablast,"Plasmablast

High expression of immunoglobulins (IGHG2, IGHG1, IGHG3, IGKC) and TNFRSF17 (BCMA) is characteristic of plasmablasts/plasma cells. Surface protein markers show CD27, CD38, and CD19 positivity with lower CD4/CD8, consistent with a differentiated B cell lineage.",Plasmablast,"High expression of immunoglobulins (IGHG2, IGHG1, IGHG3, IGKC) and TNFRSF17 (BCMA) is characteristic of plasmablasts/plasma cells. Surface protein markers show CD27, CD38, and CD19 positivity with lower CD4/CD8, consistent with a differentiated B cell lineage.",1,1,YES,1
33943,L3_GCGGAAAAGAAGATCT,Plasmablast,Plasmablast,Plasmablast,,1,1,YES,1
160765,E2L8_TGTCAGATCTGGGAGA,Plasmablast,Plasmablast,Plasmablast,,1,1,YES,1
150922,E2L8_ACTATTCGTTTACACG,Platelet,"Platelet
The top surface proteins (CD41, CD42b, CD61, CD62P, CLEC2) are definitive markers of platelets, uniquely identifying them among PBMC components.",Platelet,"The top surface proteins (CD41, CD42b, CD61, CD62P, CLEC2) are definitive markers of platelets, uniquely identifying them among PBMC components.",1,1,YES,1
44583,L4_CTACCCAAGTAGTCAA,Platelet,Platelet,Platelet,,1,1,YES,1
37959,L3_TGGTACAAGGTACAGC,Platelet,"Platelet

The top expressed surface proteins include CD62P (P-selectin), CD41 (integrin alpha IIb), and CD31 (PECAM-1), which are classic platelet markers. The gene expression profile also lacks typical lymphoid or myeloid lineage markers, further supporting platelet identity.",Platelet,"The top expressed surface proteins include CD62P (P-selectin), CD41 (integrin alpha IIb), and CD31 (PECAM-1), which are classic platelet markers. The gene expression profile also lacks typical lymphoid or myeloid lineage markers, further supporting platelet identity.",1,1,YES,1
60521,L5_GCAGCTGTCCTTCAGC,Platelet,"Platelet

The surface protein markers (CD41, CD62P, CD9, CLEC2, CD61, CD42b, CD110) are classic platelet markers. Top expressed genes like MMRN1 and PDZK1IP1 are also platelet-associated. This profile uniquely identifies platelets among PBMC cell types.",Platelet,"The surface protein markers (CD41, CD62P, CD9, CLEC2, CD61, CD42b, CD110) are classic platelet markers. Top expressed genes like MMRN1 and PDZK1IP1 are also platelet-associated. This profile uniquely identifies platelets among PBMC cell types.",1,1,YES,1
100264,E2L3_TCTTGCGAGCGAATGC,Platelet,"Platelet

The top ADT markers include CD41, CLEC2, CD62P, and CD42b, which are classic platelet surface proteins. The gene expression profile also lacks typical lymphoid or myeloid markers, supporting a platelet identity.",Platelet,"The top ADT markers include CD41, CLEC2, CD62P, and CD42b, which are classic platelet surface proteins. The gene expression profile also lacks typical lymphoid or myeloid markers, supporting a platelet identity.",1,1,YES,1
15499,L2_AGCGCCAGTGGTAACG,Treg,"Doublet
The surface markers show a mix of CD4+ T cell markers (CD4, CD3, CD2, CD27, CD28, CD25) and platelet markers (CD41, CD62P), indicating a doublet. The top genes are atypical for PBMC, supporting a potential doublet or contamination.",Doublet,"The surface markers show a mix of CD4+ T cell markers (CD4, CD3, CD2, CD27, CD28, CD25) and platelet markers (CD41, CD62P), indicating a doublet. The top genes are atypical for PBMC, supporting a potential doublet or contamination.",0,0,NO,0
89695,E2L2_TGTTCATCAAATGGAT,Treg,"Doublet
The expression profile shows a mix of T cell markers (CD4, CD3, CD2, CD28, CD25) alongside platelet markers (CD41, CD62P) and the B cell marker CD307e, indicating a doublet likely from a T cell aggregating with a platelet and possibly another cell type.",Doublet,"The expression profile shows a mix of T cell markers (CD4, CD3, CD2, CD28, CD25) alongside platelet markers (CD41, CD62P) and the B cell marker CD307e, indicating a doublet likely from a T cell aggregating with a platelet and possibly another cell type.",0,0,NO,0
27574,L3_AATTCCTAGCCATTGT,Treg,Treg,Treg,,1,1,YES,1
48289,L4_GTGGGAAGTTTGTTGG,Treg,"Doublet

The expression profile shows a mix of T cell markers (CD4, CD3, CD8, CD2, CD27) along with platelet (CD41, CD62P) and myeloid (CD11b, CD35, CD31) markers. This combined signature likely results from a doublet between a T cell and a platelet or myeloid cell, rather than a pure cell type.",Doublet,"The expression profile shows a mix of T cell markers (CD4, CD3, CD8, CD2, CD27) along with platelet (CD41, CD62P) and myeloid (CD11b, CD35, CD31) markers. This combined signature likely results from a doublet between a T cell and a platelet or myeloid cell, rather than a pure cell type.",0,0,NO,0
51454,L4_TGTTCTACACCGTGGT,Treg,"CD4 TCM

The surface protein profile shows high CD4, CD3, CD27, and CD2, characteristic of CD4+ T cells. CD27 expression is typical for central memory T cells (TCM). The absence of naive markers (e.g., CD45RA) and presence of CD25 (moderate) further support a memory phenotype.",CD4 TCM,"The surface protein profile shows high CD4, CD3, CD27, and CD2, characteristic of CD4+ T cells. CD27 expression is typical for central memory T cells (TCM). The absence of naive markers (e.g., CD45RA) and presence of CD25 (moderate) further support a memory phenotype.",0,0,NO,0
109219,E2L4_GGTGATTAGGGAGGCA,cDC1,"cDC1

The gene expression profile (FLT3, BATF3, CADM1, DNASE1L3) and surface markers (CD141, CLEC12A) are highly specific for conventional dendritic cells type 1 (cDC1).",cDC1,"The gene expression profile (FLT3, BATF3, CADM1, DNASE1L3) and surface markers (CD141, CLEC12A) are highly specific for conventional dendritic cells type 1 (cDC1).",1,1,YES,1
53578,L5_ACCGTTCAGCATGTTC,cDC1,cDC1,cDC1,,1,1,YES,1
114131,E2L5_ACACCAATCTTAGTTC,cDC1,"pDC

High expression of FLT3, P2RY14, and DNASE1L3 is characteristic of plasmacytoid dendritic cells. Surface markers CD4 (low), CD93, and CD141 support this identity. SLAMF8 and CADM1 are also consistent with pDCs.",pDC,"High expression of FLT3, P2RY14, and DNASE1L3 is characteristic of plasmacytoid dendritic cells. Surface markers CD4 (low), CD93, and CD141 support this identity. SLAMF8 and CADM1 are also consistent with pDCs.",0,0,NO,0
79136,E2L2_ACAAAGAAGTTCCGTA,cDC1,"pDC

High expression of DNASE1L3, P2RY14, CADM1, FLT3, and HLA-DQA2 is characteristic of plasmacytoid dendritic cells (pDCs). Surface protein markers CD4, CD93, and CD141 (BDCA-3) further support this identity, while CD123 (not listed but typical) is consistent. The absence of lineage markers for T, B, NK, or monocytes confirms pDC.",pDC,"High expression of DNASE1L3, P2RY14, CADM1, FLT3, and HLA-DQA2 is characteristic of plasmacytoid dendritic cells (pDCs). Surface protein markers CD4, CD93, and CD141 (BDCA-3) further support this identity, while CD123 (not listed but typical) is consistent. The absence of lineage markers for T, B, NK, or monocytes confirms pDC.",0,0,NO,0
70565,E2L1_CATCCCATCCGCACGA,cDC1,"pDC

High expression of FLT3, CADM1, and DNASE1L3 is characteristic of plasmacytoid dendritic cells. Surface markers CD93, CD48, and CD4-1 further support this identity.",pDC,"High expression of FLT3, CADM1, and DNASE1L3 is characteristic of plasmacytoid dendritic cells. Surface markers CD93, CD48, and CD4-1 further support this identity.",0,0,NO,0
107227,E2L4_CTGTGGGGTTCGAGCC,cDC2,"cDC2

The expression of FCER1A, CD1C, CLEC10A, and FCGR2B is characteristic of conventional dendritic cells type 2 (cDC2). The surface protein markers CD4, CD31, and CD11b further support this identity, as cDC2 cells typically express these markers in PBMCs.",cDC2,"The expression of FCER1A, CD1C, CLEC10A, and FCGR2B is characteristic of conventional dendritic cells type 2 (cDC2). The surface protein markers CD4, CD31, and CD11b further support this identity, as cDC2 cells typically express these markers in PBMCs.",1,1,YES,1
15368,L2_AGATAGACATGATCTG,cDC2,"cDC2

The expression of FCER1A, CLEC10A, and surface marker HLA-DR, along with high CD4 and integrins (CD18, CD49d), is characteristic of conventional dendritic cells, specifically cDC2. P2RY6 and IRF4 further support this identification.",cDC2,"The expression of FCER1A, CLEC10A, and surface marker HLA-DR, along with high CD4 and integrins (CD18, CD49d), is characteristic of conventional dendritic cells, specifically cDC2. P2RY6 and IRF4 further support this identification.",1,1,YES,1
75651,E2L1_TACTTGTCAACAGATA,cDC2,"pDC

High expression of FCER1A, CLEC10A, and CLEC12A, along with CD4 (low) and lack of lineage-specific markers for T, B, NK, or monocytes, is characteristic of plasmacytoid dendritic cells. The combination of IL1A, OASL, and RNASE1 further supports pDC identity.",pDC,"High expression of FCER1A, CLEC10A, and CLEC12A, along with CD4 (low) and lack of lineage-specific markers for T, B, NK, or monocytes, is characteristic of plasmacytoid dendritic cells. The combination of IL1A, OASL, and RNASE1 further supports pDC identity.",0,0,NO,0
110323,E2L4_TACAACGGTGGATCAG,cDC2,"cDC2

High expression of FCER1A and CLEC10A are classic markers of cDC2 (conventional dendritic cells type 2). The ADT profile shows CD4 (moderate), CD93, and CD172a, consistent with cDC2, along with lack of lineage-specific markers for T cells, NK cells, B cells, or monocytes. Additional support comes from ENHO and UPK3A, which are less typical but can appear in this context.",cDC2,"High expression of FCER1A and CLEC10A are classic markers of cDC2 (conventional dendritic cells type 2). The ADT profile shows CD4 (moderate), CD93, and CD172a, consistent with cDC2, along with lack of lineage-specific markers for T cells, NK cells, B cells, or monocytes. Additional support comes from ENHO and UPK3A, which are less typical but can appear in this context.",1,1,YES,1
126463,E2L6_ACGGAAGGTACCTTCC,cDC2,"pDC

High expression of interferon-stimulated genes (IFI27, IFIT1, RSAD2) and FCER1A, HLA-DQA2, along with surface markers CD4, HLA-DR, and CD38, is characteristic of plasmacytoid dendritic cells (pDCs). These cells are known for robust type I interferon production and express FCER1A and MHC class II.",pDC,"High expression of interferon-stimulated genes (IFI27, IFIT1, RSAD2) and FCER1A, HLA-DQA2, along with surface markers CD4, HLA-DR, and CD38, is characteristic of plasmacytoid dendritic cells (pDCs). These cells are known for robust type I interferon production and express FCER1A and MHC class II.",0,0,NO,0
11285,L1_TCGAACATCCACAAGT,dnT,"Platelet

The surface protein markers show high CD41 (platelet-specific integrin) and CD62P (P-selectin, platelet activation marker), alongside CD31 and CD48. These are classic platelet markers. The gene expression includes THAP8, P3H4, and CLDN7, which are consistent with platelet/megakaryocyte lineage. Other lymphoid or myeloid markers (CD3, CD4, CD8) are present at lower levels, likely background. Thus, this profile matches platelets.",Platelet,"The surface protein markers show high CD41 (platelet-specific integrin) and CD62P (P-selectin, platelet activation marker), alongside CD31 and CD48. These are classic platelet markers. The gene expression includes THAP8, P3H4, and CLDN7, which are consistent with platelet/megakaryocyte lineage. Other lymphoid or myeloid markers (CD3, CD4, CD8) are present at lower levels, likely background. Thus, this profile matches platelets.",0,0,NO,0
60464,L5_GCACGTGGTACAAAGT,dnT,"CD4 TCM
The high expression of CD4, CD3, CD27, and CD28, along with CD31 and CD48, indicates a CD4+ central memory T cell. The presence of both CD4 and CD8 markers along with CD11b suggests activation, but the retention of CD27/CD28 points to TCM rather than naive or effector subsets.",CD4 TCM,"The high expression of CD4, CD3, CD27, and CD28, along with CD31 and CD48, indicates a CD4+ central memory T cell. The presence of both CD4 and CD8 markers along with CD11b suggests activation, but the retention of CD27/CD28 points to TCM rather than naive or effector subsets.",0,0,NO,0
26804,L2_TTTACTGTCGACCTAA,dnT,"CD4 Naive
The surface protein profile shows high CD3, CD4, CD27, CD28, and CD45RA, along with CD31, which are hallmark markers of CD4+ naive T cells. The absence of strong activation or memory markers (e.g., CD45RO, low CD38) and lack of cytotoxic or regulatory features support this identification.",CD4 Naive,"The surface protein profile shows high CD3, CD4, CD27, CD28, and CD45RA, along with CD31, which are hallmark markers of CD4+ naive T cells. The absence of strong activation or memory markers (e.g., CD45RO, low CD38) and lack of cytotoxic or regulatory features support this identification.",0,0,NO,0
61555,L5_GGTAACTTCGCAATTG,dnT,"CD4 Naive
The ADT markers show high expression of CD3, CD4, CD27, CD28, and CD45RA, a signature typical of naive CD4+ T cells. These cells express co-stimulatory molecules and the naive-associated CD45RA isoform, consistent with a resting, antigen-inexperienced helper T cell in PBMC.",CD4 Naive,"The ADT markers show high expression of CD3, CD4, CD27, CD28, and CD45RA, a signature typical of naive CD4+ T cells. These cells express co-stimulatory molecules and the naive-associated CD45RA isoform, consistent with a resting, antigen-inexperienced helper T cell in PBMC.",0,0,NO,0
16311,L2_ATCCCTGCACAAATGA,dnT,Doublet,Doublet,,0,0,NO,0
38709,L3_TTGAGTGCAGAGGTTG,gdT,CD4 Proliferating,CD4 Proliferating,,0,0,NO,0
104890,E2L4_CACAGGCGTACCGTCG,gdT,"CD8 Naive
High expression of CD8a, CD45RA, CD3, CD2, and low CD4-1 is characteristic of naive CD8+ T cells. Absence of activation/memory markers and proliferation genes supports this identification.",CD8 Naive,"High expression of CD8a, CD45RA, CD3, CD2, and low CD4-1 is characteristic of naive CD8+ T cells. Absence of activation/memory markers and proliferation genes supports this identification.",0,0,YES,1
160970,E2L8_TGTTTGTTCCCTATTA,gdT,"CD4 TCM
High expression of CD3, CD4, CD27, CD28, CD127, and CCR5 indicates a CD4+ central memory T cell, retaining co-stimulatory molecules and IL-7 receptor with memory-associated CCR5, but lacking naive (CCR7 low) or effector (CD69, cytotoxicity) markers.",CD4 TCM,"High expression of CD3, CD4, CD27, CD28, CD127, and CCR5 indicates a CD4+ central memory T cell, retaining co-stimulatory molecules and IL-7 receptor with memory-associated CCR5, but lacking naive (CCR7 low) or effector (CD69, cytotoxicity) markers.",0,0,YES,1
68073,E2L1_ACGTAACAGGAAACGA,gdT,"CD8 Naive

The top expressed genes include MCM2, a proliferation marker, but the overall profile is not strongly proliferative. The surface protein markers show high CD8a, CD27, CD28 (not listed but implied by CD2 and CD27), and CD45-2, with low CD4-1 and no effector markers like CD57 or KLRG1. This combination of CD8a, CD27, and CD45-2 is characteristic of naive CD8+ T cells in PBMC.",CD8 Naive,"The top expressed genes include MCM2, a proliferation marker, but the overall profile is not strongly proliferative. The surface protein markers show high CD8a, CD27, CD28 (not listed but implied by CD2 and CD27), and CD45-2, with low CD4-1 and no effector markers like CD57 or KLRG1. This combination of CD8a, CD27, and CD45-2 is characteristic of naive CD8+ T cells in PBMC.",0,0,YES,1
152153,E2L8_ATCGATGTCTCTGCCA,gdT,"Platelet  
Strong surface expression of CD41 (integrin αIIb) and CD62P (P-selectin) alongside CD93, CD63, and CLEC2 are definitive for platelets. The transcriptome includes residual megakaryocyte-derived RNAs and background, consistent with anucleate platelet profiles in PBMC samples.",Platelet,"Strong surface expression of CD41 (integrin αIIb) and CD62P (P-selectin) alongside CD93, CD63, and CLEC2 are definitive for platelets. The transcriptome includes residual megakaryocyte-derived RNAs and background, consistent with anucleate platelet profiles in PBMC samples.",0,0,NO,0
156383,E2L8_GCAGCTGGTAGACGTG,pDC,"pDC
pDCs are identified by hallmark markers CD123 (IL3RA) and CD304 (BDCA-4) in the protein data, and LILRA4 (ILT7) and IL3RA in the gene list, which are specific to plasmacytoid dendritic cells.",pDC,"pDCs are identified by hallmark markers CD123 (IL3RA) and CD304 (BDCA-4) in the protein data, and LILRA4 (ILT7) and IL3RA in the gene list, which are specific to plasmacytoid dendritic cells.",1,1,YES,1
71129,E2L1_CCGTTCAGTGTATTCG,pDC,"pDC

High expression of IL3RA (CD123), LILRA4, and DNASE1L3 are classic pDC markers. The ADT data confirms strong CD123 and CD4 expression, along with CD307e, CD93, and CD305, consistent with plasmacytoid dendritic cells.",pDC,"High expression of IL3RA (CD123), LILRA4, and DNASE1L3 are classic pDC markers. The ADT data confirms strong CD123 and CD4 expression, along with CD307e, CD93, and CD305, consistent with plasmacytoid dendritic cells.",1,1,YES,1
85223,E2L2_GCCATTCTCGGTCACG,pDC,"pDC

The gene signature (DNASE1L3, LILRA4, SERPINF1, SMPD3, P2RY14) and surface protein markers (CD304, CD123, CD4) are highly specific for plasmacytoid dendritic cells (pDCs) in PBMCs. Key markers like LILRA4 (ILT7) and CD304 (BDCA-4/neuropilin-1) are pDC-defining, while CD123 is a classic pDC marker.",pDC,"The gene signature (DNASE1L3, LILRA4, SERPINF1, SMPD3, P2RY14) and surface protein markers (CD304, CD123, CD4) are highly specific for plasmacytoid dendritic cells (pDCs) in PBMCs. Key markers like LILRA4 (ILT7) and CD304 (BDCA-4/neuropilin-1) are pDC-defining, while CD123 is a classic pDC marker.",1,1,YES,1
5612,L1_CGTTGGGGTCATTCCC,pDC,"pDC

The top genes include LILRA4, PACSIN1, and GAS6, which are canonical markers for plasmacytoid dendritic cells (pDCs). The surface protein profile shows high CD123 (IL-3 receptor alpha chain), a defining pDC marker, along with CD4 and CD304 (neuropilin-1). This combination of gene and protein expression is highly specific to pDCs in PBMC.",pDC,"The top genes include LILRA4, PACSIN1, and GAS6, which are canonical markers for plasmacytoid dendritic cells (pDCs). The surface protein profile shows high CD123 (IL-3 receptor alpha chain), a defining pDC marker, along with CD4 and CD304 (neuropilin-1). This combination of gene and protein expression is highly specific to pDCs in PBMC.",1,1,YES,1
39416,L4_AACCTGAGTACCGTCG,pDC,Platelet,Platelet,,0,0,NO,0
