cell_idx,cell_barcode,true_label,pred_label,pred_celltype,pred_rationale,acc,hierarchy_depth
98402,E2L3_GTTACAGGTTAGGAGC,ASDC,B memory,B memory,,0,0
148054,E2L7_TGAATCGGTGGTGATG,ASDC,Plasmablast,Plasmablast,,0,0
39262,L4_AACAAAGGTACGAAAT,ASDC,NK,NK,,0,0
143579,E2L7_GAAGAATTCTATCGTT,ASDC,CD8 TCM,CD8 TCM,,0,0
154256,E2L8_CGAGTTAAGCTCCATA,ASDC,CD8 TCM,CD8 TCM,,0,0
147689,E2L7_TCGCACTTCACTTCTA,ASDC,cDC1,cDC1,,0,1
25410,L2_TGCGGGTCACCCTCTA,ASDC,B memory,B memory,,0,0
14943,L2_ACGTTCCCAGGTCCGT,ASDC,NK Proliferating,NK Proliferating,,0,0
89523,E2L2_TGTACAGAGCGACTAG,ASDC,CD4 CTL,CD4 CTL,,0,0
87907,E2L2_TCAGCAAAGAACAAGG,ASDC,B memory,B memory,,0,0
132693,E2L6_GCTTGGGCAAGTGCAG,ASDC,Eryth,Eryth,,0,0
137078,E2L6_TTCCGGTAGTGTAGTA,ASDC,pDC,pDC,,0,1
81561,E2L2_CAATCGAGTTGGGTAG,ASDC,NK_CD56bright,NK_CD56bright,,0,0
116772,E2L5_CAGGCCACATAACGGG,ASDC,Plasmablast,Plasmablast,,0,0
18250,L2_CCGGACAAGTTGCGCC,ASDC,NK_CD56bright,NK_CD56bright,,0,0
109653,E2L4_GTCGAATGTGGTCTCG,ASDC,Platelet,Platelet,,0,0
126676,E2L6_ACTGTGAAGAGTTCGG,ASDC,Doublet,Doublet,,0,0
65516,L5_TGCTTGCCACGCGTCA,ASDC,B naive,B naive,,0,0
139354,E2L7_AGCTCAATCGCCTATC,ASDC,cDC1,cDC1,,0,1
81589,E2L2_CACAACAGTGCAATAA,ASDC,CD8 TCM,CD8 TCM,,0,0
120045,E2L5_GCAGTTACAACGGCTC,B intermediate,Doublet,Doublet,,0,0
129695,E2L6_CCGGTAGGTGGTCTAT,B intermediate,CD8 Naive,CD8 Naive,,0,0
16239,L2_ATCACGATCAGCTTGA,B intermediate,CD16 Mono,CD16 Mono,,0,0
147908,E2L7_TCTCACGGTCTAGGTT,B intermediate,dnT,dnT,,0,0
93977,E2L3_CATGCAAGTCACCACG,B intermediate,Platelet,Platelet,,0,0
132238,E2L6_GCACATAGTGGATACG,B intermediate,MAIT,MAIT,,0,0
122133,E2L5_TAATCTCCATAACGGG,B intermediate,CD8 Proliferating,CD8 Proliferating,,0,0
37598,L3_TGATTTCCATTCTGTT,B intermediate,Treg,Treg,,0,0
91168,E2L3_AATTCCTCAGTCCCGA,B intermediate,Eryth,Eryth,,0,0
44845,L4_CTCATTACAAGCCCAC,B intermediate,CD8 TCM,CD8 TCM,,0,0
114352,E2L5_ACCTGTCCACGCGCAT,B intermediate,CD8 TCM,CD8 TCM,,0,0
34925,L3_GTATTGGAGCCTGTCG,B intermediate,CD4 Naive,CD4 Naive,,0,0
130162,E2L6_CGCCAGAAGAAAGCGA,B intermediate,B memory,B memory,,0,1
78043,E2L1_TTCGATTTCCCAATAG,B intermediate,HSPC,HSPC,,0,0
9912,L1_TAACTTCAGCTCAGAG,B intermediate,cDC2,cDC2,,0,0
98462,E2L3_GTTATGGCACCAACAT,B intermediate,B intermediate,B intermediate,,1,2
157192,E2L8_GGGTAGATCTGGAAGG,B intermediate,cDC1,cDC1,,0,0
128449,E2L6_CAACAGTGTATCCTCC,B intermediate,Treg,Treg,,0,0
104820,E2L4_CAATCGATCTTCGTGC,B intermediate,CD4 Proliferating,CD4 Proliferating,,0,0
79677,E2L2_ACTCTCGGTACAGTTC,B intermediate,MAIT,MAIT,,0,0
26617,L2_TTGGATGTCAGCTCTC,B memory,CD16 Mono,CD16 Mono,,0,0
72013,E2L1_CTCAAGACAATCTGCA,B memory,Plasmablast,Plasmablast,,0,1
117816,E2L5_CGAAGTTGTTCGGACC,B memory,NK Proliferating,NK Proliferating,,0,0
135908,E2L6_TCTGTCGTCGCTGTTC,B memory,CD4 TEM,CD4 TEM,,0,0
83842,E2L2_CTCTGGTCACGGCTAC,B memory,B memory,B memory,,1,2
148133,E2L7_TGAGCATTCAATCTTC,B memory,pDC,pDC,,0,0
138823,E2L7_ACTATGGCAGCTGAAG,B memory,CD8 TCM,CD8 TCM,,0,0
66327,L5_TTCCAATAGGTGGCTA,B memory,cDC2,cDC2,,0,0
112953,E2L4_TTCCTTCCACTGCGAC,B memory,NK Proliferating,NK Proliferating,,0,0
42957,L4_CAGTTAGAGCGACCCT,B memory,Platelet,Platelet,,0,0
122062,E2L5_TAACTTCGTAATACCC,B memory,Plasmablast,Plasmablast,,0,1
75176,E2L1_GTTATGGAGTATGACA,B memory,CD4 CTL,CD4 CTL,,0,0
130769,E2L6_CTCATCGAGGATTTGA,B memory,CD8 Naive,CD8 Naive,,0,0
139030,E2L7_AGAACAATCTAAGGAA,B memory,CD8 TEM,CD8 TEM,,0,0
105380,E2L4_CATGCAATCCGTGCGA,B memory,Doublet,Doublet,,0,0
120072,E2L5_GCATCTCCATAGTCGT,B memory,B intermediate,B intermediate,,0,1
89387,E2L2_TGGGATTTCTCATGCC,B memory,Eryth,Eryth,,0,0
140762,E2L7_CAATACGTCTACGGGC,B memory,CD14 Mono,CD14 Mono,,0,0
153348,E2L8_CATCGGGTCCCAGTGG,B memory,Plasmablast,Plasmablast,,0,1
89331,E2L2_TGGATCAGTCATATGC,B memory,NK Proliferating,NK Proliferating,,0,0
99957,E2L3_TCGCTTGAGTGATTCC,B naive,dnT,dnT,,0,0
15125,L2_ACTTCGCCAGCAGGAT,B naive,Plasmablast,Plasmablast,,0,1
17489,L2_CAGGCCAAGTCAATCC,B naive,CD8 Naive,CD8 Naive,,0,0
59582,L5_GAAGGACGTAGAATGT,B naive,gdT,gdT,,0,0
98389,E2L3_GTGTTCCCAGACCAAG,B naive,CD8 Proliferating,CD8 Proliferating,,0,0
48077,L4_GTCTGTCAGGAACGAA,B naive,CD4 TEM,CD4 TEM,,0,0
100034,E2L3_TCGTAGATCCTAAACG,B naive,dnT,dnT,,0,0
101286,E2L3_TTCATTGGTTGTAAAG,B naive,CD8 Naive,CD8 Naive,,0,0
133057,E2L6_GGGCGTTGTCGCACAC,B naive,B memory,B memory,,0,1
21811,L2_GGGACCTCAGAAACCG,B naive,CD8 TEM,CD8 TEM,,0,0
105202,E2L4_CAGTTCCCAGGACTAG,B naive,Platelet,Platelet,,0,0
128376,E2L6_ATTTACCCACGAAGAC,B naive,CD16 Mono,CD16 Mono,,0,0
109651,E2L4_GTCGAATCACTCCTGT,B naive,CD8 TEM,CD8 TEM,,0,0
112127,E2L4_TGCATCCTCCCAGCGA,B naive,CD14 Mono,CD14 Mono,,0,0
114169,E2L5_ACAGCCGTCGAACCTA,B naive,NK Proliferating,NK Proliferating,,0,0
81675,E2L2_CACGAATCACCTGAAT,B naive,CD8 TEM,CD8 TEM,,0,0
99108,E2L3_TATCAGGGTATCGGTT,B naive,CD4 TEM,CD4 TEM,,0,0
141644,E2L7_CCATAAGAGTTGTCAC,B naive,CD4 Naive,CD4 Naive,,0,0
86240,E2L2_GTAGATCAGGTCGTCC,B naive,HSPC,HSPC,,0,0
26671,L2_TTGGTTTGTTAGGGTG,B naive,NK,NK,,0,0
23889,L2_TCAATCTCAGGTTTAC,CD14 Mono,gdT,gdT,,0,0
31366,L3_CCTCTAGAGCGAGTAC,CD14 Mono,CD8 TCM,CD8 TCM,,0,0
74756,E2L1_GTCGTTCAGTAGACAT,CD14 Mono,CD14 Mono,CD14 Mono,,1,2
4544,L1_CCCATTGCAACTTGCA,CD14 Mono,Treg,Treg,,0,0
121753,E2L5_GTGTGATGTTCGGTAT,CD14 Mono,MAIT,MAIT,,0,0
60803,L5_GCGATCGAGTCACAGG,CD14 Mono,NK Proliferating,NK Proliferating,,0,0
82943,E2L2_CGAGAAGTCGCCTATC,CD14 Mono,B naive,B naive,,0,0
63405,L5_TAGCACAGTATAGGGC,CD14 Mono,CD4 TCM,CD4 TCM,,0,0
117989,E2L5_CGCCAGAGTATGATCC,CD14 Mono,Plasmablast,Plasmablast,,0,0
97268,E2L3_GGCGTCATCTTGCGCT,CD14 Mono,Treg,Treg,,0,0
161156,E2L8_TTCATGTCATACCAGT,CD14 Mono,CD8 TCM,CD8 TCM,,0,0
113367,E2L4_TTTCGATAGCTAGAAT,CD14 Mono,Platelet,Platelet,,0,0
134858,E2L6_TATCTTGAGTTTGCTG,CD14 Mono,cDC1,cDC1,,0,0
75166,E2L1_GTTAGTGCAGCGACCT,CD14 Mono,CD8 Proliferating,CD8 Proliferating,,0,0
89449,E2L2_TGGTAGTCAGCTGTAT,CD14 Mono,cDC2,cDC2,,0,0
17322,L2_CACTGAACAGGGCTTC,CD14 Mono,CD4 Proliferating,CD4 Proliferating,,0,0
76477,E2L1_TCCTTCTAGGGTCACA,CD14 Mono,CD4 Naive,CD4 Naive,,0,0
128680,E2L6_CACATGAAGACCTCAT,CD14 Mono,NK Proliferating,NK Proliferating,,0,0
130491,E2L6_CGTTGGGTCTCCTGCA,CD14 Mono,MAIT,MAIT,,0,0
20242,L2_GAATCACAGTGCACAG,CD14 Mono,CD14 Mono,CD14 Mono,,1,2
111605,E2L4_TCGTAGAAGAGAATCT,CD16 Mono,Treg,Treg,,0,0
118496,E2L5_CTCAATTTCGTCAAAC,CD16 Mono,CD4 CTL,CD4 CTL,,0,0
13748,L1_TTTGTTGCAGCGAGTA,CD16 Mono,Platelet,Platelet,,0,0
40387,L4_ACTACGACAGACGGAT,CD16 Mono,ASDC,ASDC,,0,0
123107,E2L5_TCCAGAACATTGAGCT,CD16 Mono,Platelet,Platelet,,0,0
40081,L4_ACCCAAAAGTTAACGA,CD16 Mono,Platelet,Platelet,,0,0
156599,E2L8_GCGAGAACAGTCAGTT,CD16 Mono,Platelet,Platelet,,0,0
155011,E2L8_CTCCTCCAGTAAGACT,CD16 Mono,NK,NK,,0,0
40677,L4_AGACAGGTCGGACAAG,CD16 Mono,CD8 TEM,CD8 TEM,,0,0
51970,L4_TTGACCCTCATTCGTT,CD16 Mono,NK Proliferating,NK Proliferating,,0,0
114594,E2L5_ACTGATGCAGGTATGG,CD16 Mono,CD4 Proliferating,CD4 Proliferating,,0,0
18196,L2_CCCTTAGCAATGTCTG,CD16 Mono,Platelet,Platelet,,0,0
71330,E2L1_CGAAGGAGTTCAACGT,CD16 Mono,HSPC,HSPC,,0,0
146593,E2L7_TACCCACGTGGTCCGT,CD16 Mono,CD8 TEM,CD8 TEM,,0,0
127099,E2L6_AGCGTATAGCAAACAT,CD16 Mono,Doublet,Doublet,,0,0
125445,E2L5_TTTGACTTCTAGGCCG,CD16 Mono,HSPC,HSPC,,0,0
78167,E2L1_TTGATGGTCGGTCTGG,CD16 Mono,B intermediate,B intermediate,,0,0
70003,E2L1_CAAGACTTCGCCTAGG,CD16 Mono,CD14 Mono,CD14 Mono,,0,1
52738,L5_AACCTGAGTACCTAAC,CD16 Mono,CD4 Naive,CD4 Naive,,0,0
56223,L5_CAATTTCTCGCCTTTG,CD16 Mono,B naive,B naive,,0,0
123340,E2L5_TCGAAGTAGTCGAAGC,CD4 CTL,CD8 TCM,CD8 TCM,,0,0
46491,L4_GCATTAGTCCGCAGTG,CD4 CTL,NK,NK,,0,0
72485,E2L1_CTTAGGATCCCTCGAT,CD4 CTL,NK,NK,,0,0
29493,L3_ATGATCGGTACGGATG,CD4 CTL,CD8 TEM,CD8 TEM,,0,0
23636,L2_TAGGAGGAGCCGTTAT,CD4 CTL,cDC1,cDC1,,0,0
88737,E2L2_TCTCCGAGTTATCTTC,CD4 CTL,HSPC,HSPC,,0,0
73554,E2L1_GCCAGGTTCGGCGATC,CD4 CTL,B memory,B memory,,0,0
50068,L4_TCGATTTTCTAACGGT,CD4 CTL,Plasmablast,Plasmablast,,0,0
94883,E2L3_CGGACACAGCGAACTG,CD4 CTL,HSPC,HSPC,,0,0
98838,E2L3_TACGCTCCATATCTGG,CD4 CTL,MAIT,MAIT,,0,0
95481,E2L3_CTCCCTCTCCTGCTAC,CD4 CTL,HSPC,HSPC,,0,0
63597,L5_TATCTTGTCCACACCT,CD4 CTL,HSPC,HSPC,,0,0
8370,L1_GGGACCTGTATGCTAC,CD4 CTL,B memory,B memory,,0,0
14642,L2_ACATTTCAGACTACCT,CD4 CTL,HSPC,HSPC,,0,0
17381,L2_CAGATACCAGAGATGC,CD4 CTL,Platelet,Platelet,,0,0
30724,L3_CATGGATTCGCTGTCT,CD4 CTL,CD4 TCM,CD4 TCM,,0,1
110253,E2L4_TAAGCCACAAAGTATG,CD4 CTL,ILC,ILC,,0,0
118137,E2L5_CGGGTGTTCCCGAACG,CD4 CTL,ASDC,ASDC,,0,0
100629,E2L3_TGCTCCAGTCGTACTA,CD4 CTL,CD4 TEM,CD4 TEM,,0,1
62074,L5_GTCATCCTCGCGCCAA,CD4 CTL,CD8 TCM,CD8 TCM,,0,0
8316,L1_GGCTTTCGTCCTATAG,CD4 Naive,pDC,pDC,,0,0
152134,E2L8_ATCCTATCAGGCATGA,CD4 Naive,CD4 CTL,CD4 CTL,,0,1
57355,L5_CCGAACGTCTCTCTTC,CD4 Naive,CD4 Proliferating,CD4 Proliferating,,0,1
35000,L3_GTCACTCTCCACCCTA,CD4 Naive,CD8 Proliferating,CD8 Proliferating,,0,0
71572,E2L1_CGGAATTCATGGCACC,CD4 Naive,pDC,pDC,,0,0
60524,L5_GCAGCTGTCTGGGATT,CD4 Naive,cDC1,cDC1,,0,0
62405,L5_GTGCTGGCAAAGCGTG,CD4 Naive,B intermediate,B intermediate,,0,0
54506,L5_AGCTCAACATCGATAC,CD4 Naive,CD4 Naive,CD4 Naive,,1,2
148576,E2L7_TGGCGTGGTCTGTAGT,CD4 Naive,Treg,Treg,,0,1
62956,L5_TAACCAGTCGGCCCAA,CD4 Naive,B intermediate,B intermediate,,0,0
20684,L2_GAGTGTTTCAGGAACG,CD4 Naive,cDC1,cDC1,,0,0
123469,E2L5_TCGGGTGAGGTGCAGT,CD4 Naive,CD4 Proliferating,CD4 Proliferating,,0,1
61451,L5_GGGTATTAGGCAGGTT,CD4 Naive,dnT,dnT,,0,0
152878,E2L8_CACAGGCGTAGGAGTC,CD4 Naive,CD4 TCM,CD4 TCM,,0,1
118128,E2L5_CGGGTGTCAGGCCCTA,CD4 Naive,CD8 TCM,CD8 TCM,,0,0
36137,L3_TAGGAGGGTACGATTC,CD4 Naive,NK,NK,,0,0
77215,E2L1_TGCCGAGAGCTCACTA,CD4 Naive,B naive,B naive,,0,0
96705,E2L3_GCAGGCTAGGGTCACA,CD4 Naive,HSPC,HSPC,,0,0
63519,L5_TATCAGGCAGTGTACT,CD4 Naive,Doublet,Doublet,,0,0
10697,L1_TCACGCTAGACCTTTG,CD4 Naive,Platelet,Platelet,,0,0
18435,L2_CCTCAGTGTCCCTAAA,CD4 Proliferating,pDC,pDC,,0,0
142020,E2L7_CCTCATGTCTATACTC,CD4 Proliferating,NK,NK,,0,0
143468,E2L7_CTTGATTGTAACAGTA,CD4 Proliferating,CD8 Proliferating,CD8 Proliferating,,0,0
15227,L2_AGACAAATCCATGAGT,CD4 Proliferating,CD8 Proliferating,CD8 Proliferating,,0,0
61550,L5_GGTAACTGTAACGATA,CD4 Proliferating,CD8 Proliferating,CD8 Proliferating,,0,0
83385,E2L2_CGTTGGGAGAACAAGG,CD4 Proliferating,Treg,Treg,,0,1
31491,L3_CGAAGTTTCTCGGTCT,CD4 Proliferating,CD4 TCM,CD4 TCM,,0,1
125031,E2L5_TTCTTCCAGTCGGGAT,CD4 Proliferating,CD16 Mono,CD16 Mono,,0,0
27871,L3_ACCGTTCCACATATGC,CD4 Proliferating,CD4 TEM,CD4 TEM,,0,1
41817,L4_ATCGGATTCTTGGTGA,CD4 Proliferating,ASDC,ASDC,,0,0
63982,L5_TCAGTTTTCACCGGTG,CD4 Proliferating,B naive,B naive,,0,0
98160,E2L3_GTGAGCCTCCAAACCA,CD4 Proliferating,B memory,B memory,,0,0
143949,E2L7_GAGCTGCCAATGCAGG,CD4 Proliferating,Plasmablast,Plasmablast,,0,0
23219,L2_TAACCAGAGCCTTTCC,CD4 Proliferating,NK_CD56bright,NK_CD56bright,,0,0
81309,E2L2_ATTCTTGGTTTACTTC,CD4 Proliferating,NK Proliferating,NK Proliferating,,0,0
152364,E2L8_ATGGAGGTCAAGGCTT,CD4 Proliferating,CD8 TEM,CD8 TEM,,0,0
26087,L2_TTACGCCGTTACCCTC,CD4 Proliferating,NK_CD56bright,NK_CD56bright,,0,0
34301,L3_GGCGTCACAAATTGCC,CD4 Proliferating,CD14 Mono,CD14 Mono,,0,0
5818,L1_CTATCCGTCTCGCTTG,CD4 Proliferating,cDC2,cDC2,,0,0
124201,E2L5_TGGAACTCAGGAGACT,CD4 Proliferating,Doublet,Doublet,,0,0
113375,E2L4_TTTCGATTCTATGTGG,CD4 TCM,gdT,gdT,,0,0
138895,E2L7_ACTGATGGTCTCTCAC,CD4 TCM,CD14 Mono,CD14 Mono,,0,0
52074,L4_TTGGGATAGTGGTCAG,CD4 TCM,Doublet,Doublet,,0,0
62225,L5_GTCGTTCTCTGCCTGT,CD4 TCM,NK Proliferating,NK Proliferating,,0,0
17821,L2_CATGGTAGTACTGCCG,CD4 TCM,Doublet,Doublet,,0,0
2632,L1_ATCACTTTCCAAATGC,CD4 TCM,CD8 TCM,CD8 TCM,,0,0
40045,L4_ACCAACAGTACCCGCA,CD4 TCM,CD16 Mono,CD16 Mono,,0,0
37777,L3_TGCTGAAGTTTGGAGG,CD4 TCM,CD8 Naive,CD8 Naive,,0,0
107841,E2L4_GAGGCAATCCACGGAC,CD4 TCM,CD4 Naive,CD4 Naive,,0,1
129104,E2L6_CATCCCAGTACCGGCT,CD4 TCM,CD4 TCM,CD4 TCM,,1,2
5267,L1_CGCCATTCACGACTAT,CD4 TCM,NK Proliferating,NK Proliferating,,0,0
154888,E2L8_CTCAGTCAGGTCCTGC,CD4 TCM,MAIT,MAIT,,0,0
159906,E2L8_TCTCACGTCTCAGAAC,CD4 TCM,ILC,ILC,,0,0
138453,E2L7_ACAGAAATCTCGGTCT,CD4 TCM,CD8 Naive,CD8 Naive,,0,0
26521,L2_TTGACCCGTCTTGAGT,CD4 TCM,gdT,gdT,,0,0
35646,L3_GTTGTAGTCGTTCGCT,CD4 TCM,B memory,B memory,,0,0
56402,L5_CACTGAACACCAGTTA,CD4 TCM,CD4 TEM,CD4 TEM,,0,1
138550,E2L7_ACCACAATCCGTGACG,CD4 TCM,B naive,B naive,,0,0
10464,L1_TATCGCCGTACAGCGA,CD4 TCM,CD4 TEM,CD4 TEM,,0,1
13487,L1_TTGTGTTAGTTTGTCG,CD4 TCM,gdT,gdT,,0,0
48533,L4_GTTGAACTCTCTAGGA,CD4 TEM,CD8 Naive,CD8 Naive,,0,0
28881,L3_AGGTAGGTCATGGTAC,CD4 TEM,dnT,dnT,,0,0
75350,E2L1_TAACACGGTGCATTAC,CD4 TEM,Doublet,Doublet,,0,0
123577,E2L5_TCTACCGGTTAGCTAC,CD4 TEM,NK Proliferating,NK Proliferating,,0,0
75669,E2L1_TAGACCATCTGGACTA,CD4 TEM,CD8 TEM,CD8 TEM,,0,0
64098,L5_TCATGTTGTGATTCTG,CD4 TEM,CD4 Proliferating,CD4 Proliferating,,0,1
150979,E2L8_ACTGTCCTCGACGCGT,CD4 TEM,Plasmablast,Plasmablast,,0,0
42876,L4_CAGCAGCTCGGAGTAG,CD4 TEM,pDC,pDC,,0,0
6565,L1_CTTGATTAGGAAGTAG,CD4 TEM,CD4 Proliferating,CD4 Proliferating,,0,1
47120,L4_GGGACAAAGGTAAACT,CD4 TEM,Platelet,Platelet,,0,0
20637,L2_GAGTCTACATTGTCGA,CD4 TEM,CD4 Proliferating,CD4 Proliferating,,0,1
2169,L1_AGGTCATCAGATGCGA,CD4 TEM,NK_CD56bright,NK_CD56bright,,0,0
26249,L2_TTCCAATAGTGTAGTA,CD4 TEM,Platelet,Platelet,,0,0
156994,E2L8_GGCTTGGAGCGAATGC,CD4 TEM,CD8 TCM,CD8 TCM,,0,0
161190,E2L8_TTCCAATCAGGAATCG,CD4 TEM,NK_CD56bright,NK_CD56bright,,0,0
117839,E2L5_CGACAGCTCTCGGCTT,CD4 TEM,CD4 Proliferating,CD4 Proliferating,,0,1
54875,L5_AGTAACCGTTGAAGTA,CD4 TEM,B memory,B memory,,0,0
140981,E2L7_CACTGGGTCACGGGCT,CD4 TEM,B memory,B memory,,0,0
113394,E2L4_TTTGATCTCACGAGGA,CD4 TEM,CD8 TCM,CD8 TCM,,0,0
93013,E2L3_ATGCGATGTATGACAA,CD4 TEM,cDC2,cDC2,,0,0
59002,L5_CTGATCCAGACCGCCT,CD8 Naive,B naive,B naive,,0,0
155704,E2L8_GACATCAGTATGGTAA,CD8 Naive,CD8 TEM,CD8 TEM,,0,1
15624,L2_AGGACTTCAAGAGATT,CD8 Naive,NK Proliferating,NK Proliferating,,0,0
124459,E2L5_TGTCCCACAATGCAGG,CD8 Naive,CD4 CTL,CD4 CTL,,0,0
61245,L5_GGCTTGGAGGTTCAGG,CD8 Naive,NK_CD56bright,NK_CD56bright,,0,0
105415,E2L4_CATGCTCCATTGGATC,CD8 Naive,CD4 TCM,CD4 TCM,,0,0
62826,L5_GTTGCTCCAACTGAAA,CD8 Naive,Treg,Treg,,0,0
48357,L4_GTGTGGCTCGCTTGCT,CD8 Naive,HSPC,HSPC,,0,0
14668,L2_ACCAACAAGGGAGAAT,CD8 Naive,Eryth,Eryth,,0,0
36834,L3_TCCCATGCAGTATGAA,CD8 Naive,CD16 Mono,CD16 Mono,,0,0
9536,L1_GTGGTTAGTTCCGGTG,CD8 Naive,CD8 TEM,CD8 TEM,,0,1
15869,L2_AGTAACCAGCAGCAGT,CD8 Naive,cDC1,cDC1,,0,0
9884,L1_TAACACGTCATTCGTT,CD8 Naive,ASDC,ASDC,,0,0
69336,E2L1_ATCACTTGTCAATGGG,CD8 Naive,Plasmablast,Plasmablast,,0,0
38232,L3_TGTTGAGCACGACAAG,CD8 Naive,Doublet,Doublet,,0,0
100314,E2L3_TGAATGCAGTTACGTC,CD8 Naive,NK_CD56bright,NK_CD56bright,,0,0
146255,E2L7_GTTCATTGTCTCAGAT,CD8 Naive,NK,NK,,0,0
89568,E2L2_TGTCCACCATCCGGCA,CD8 Naive,CD8 TCM,CD8 TCM,,0,1
152387,E2L8_ATGGGAGTCTCGTGAA,CD8 Naive,CD4 TCM,CD4 TCM,,0,0
52729,L5_AACCTGAAGCTCTATG,CD8 Naive,MAIT,MAIT,,0,0
117114,E2L5_CATTGAGAGAGGTCAC,CD8 Proliferating,CD14 Mono,CD14 Mono,,0,0
108368,E2L4_GCCAGGTTCTGTCGTC,CD8 Proliferating,ILC,ILC,,0,0
123541,E2L5_TCTAACTAGTGCACTT,CD8 Proliferating,B memory,B memory,,0,0
83238,E2L2_CGGGTGTGTACTGTTG,CD8 Proliferating,NK,NK,,0,0
105471,E2L4_CATTCCGAGATGGCGT,CD8 Proliferating,MAIT,MAIT,,0,0
104479,E2L4_ATTACCTAGATACAGT,CD8 Proliferating,B memory,B memory,,0,0
144837,E2L7_GGAATCTAGGATTCCT,CD8 Proliferating,Plasmablast,Plasmablast,,0,0
38307,L3_TTACCGCAGCCAGTAG,CD8 Proliferating,CD8 Proliferating,CD8 Proliferating,,1,2
113094,E2L4_TTGAGTGAGACATAGT,CD8 Proliferating,Platelet,Platelet,,0,0
53200,L5_AATTCCTAGAACGCGT,CD8 Proliferating,B intermediate,B intermediate,,0,0
129079,E2L6_CATAGACTCGGTCTGG,CD8 Proliferating,CD16 Mono,CD16 Mono,,0,0
127272,E2L6_AGGCTGCAGAGTCAAT,CD8 Proliferating,Doublet,Doublet,,0,0
87884,E2L2_TCACGGGTCTTGCAGA,CD8 Proliferating,CD16 Mono,CD16 Mono,,0,0
84666,E2L2_GAGGGTAGTTTGAAAG,CD8 Proliferating,CD4 TEM,CD4 TEM,,0,0
1209,L1_ACGTAGTGTAATTAGG,CD8 Proliferating,NK,NK,,0,0
62759,L5_GTTCGCTAGTACAGAT,CD8 Proliferating,CD14 Mono,CD14 Mono,,0,0
55993,L5_CAAAGAACACCCTATC,CD8 Proliferating,NK Proliferating,NK Proliferating,,0,0
92170,E2L3_AGCTTCCCACAATGTC,CD8 Proliferating,B naive,B naive,,0,0
28052,L3_ACGTCCTCATCCGTGG,CD8 Proliferating,CD16 Mono,CD16 Mono,,0,0
127301,E2L6_AGGGAGTTCCGAGTGC,CD8 Proliferating,ILC,ILC,,0,0
136750,E2L6_TGTGTGAAGCCATATC,CD8 TCM,Platelet,Platelet,,0,0
45490,L4_GAAATGACATATTCGG,CD8 TCM,CD16 Mono,CD16 Mono,,0,0
19326,L2_CTATAGGGTTAGCGGA,CD8 TCM,CD4 TCM,CD4 TCM,,0,0
123428,E2L5_TCGCTTGGTTCTGAGT,CD8 TCM,dnT,dnT,,0,0
39192,L4_AAAGGGCTCCTTATCA,CD8 TCM,pDC,pDC,,0,0
76554,E2L1_TCGATTTAGGAAAGGT,CD8 TCM,ILC,ILC,,0,0
13245,L1_TTCTAGTTCGACATAC,CD8 TCM,CD8 TCM,CD8 TCM,,1,2
32084,L3_CTACCTGGTGCATGTT,CD8 TCM,CD4 TEM,CD4 TEM,,0,0
106623,E2L4_CTACATTCATAGTCAC,CD8 TCM,ILC,ILC,,0,0
58793,L5_CTCCACATCTCGGTCT,CD8 TCM,ILC,ILC,,0,0
127716,E2L6_ATAGAGAAGCCGTCGT,CD8 TCM,CD4 TCM,CD4 TCM,,0,0
34243,L3_GGATCTAAGCTGTTAC,CD8 TCM,ASDC,ASDC,,0,0
152811,E2L8_CAATCGACACTCAAGT,CD8 TCM,CD14 Mono,CD14 Mono,,0,0
159633,E2L8_TCGAAGTCATGATGCT,CD8 TCM,gdT,gdT,,0,0
24955,L2_TCTTCCTAGCCTCTTC,CD8 TCM,CD8 Proliferating,CD8 Proliferating,,0,1
145909,E2L7_GTGAGCCGTAGCTCGC,CD8 TCM,CD8 TEM,CD8 TEM,,0,1
8032,L1_GCTGCAGGTTCTCACC,CD8 TCM,CD8 TEM,CD8 TEM,,0,1
125339,E2L5_TTTAGTCGTTAACCTG,CD8 TCM,Platelet,Platelet,,0,0
40463,L4_ACTGATGGTTCGATTG,CD8 TCM,B memory,B memory,,0,0
29986,L3_CAAGCTAGTATCAGGG,CD8 TCM,B memory,B memory,,0,0
103904,E2L4_AGTGACTCAGGTATGG,CD8 TEM,CD4 Proliferating,CD4 Proliferating,,0,0
93285,E2L3_ATTTCACTCGCCGTGA,CD8 TEM,Doublet,Doublet,,0,0
140655,E2L7_CAACCTCCAGCTGAGA,CD8 TEM,NK,NK,,0,0
76840,E2L1_TCTGCCACACACCGAC,CD8 TEM,Doublet,Doublet,,0,0
159410,E2L8_TCCATGCCATACTGTG,CD8 TEM,CD8 TCM,CD8 TCM,,0,1
96144,E2L3_GACCGTGCATAATGAG,CD8 TEM,gdT,gdT,,0,0
36899,L3_TCCTCCCTCCTCTCGA,CD8 TEM,CD14 Mono,CD14 Mono,,0,0
65910,L5_TGTGGCGCATTGCAAC,CD8 TEM,HSPC,HSPC,,0,0
124055,E2L5_TGCATGAAGCGTATAA,CD8 TEM,Eryth,Eryth,,0,0
90208,E2L2_TTGAGTGCAGTTTCGA,CD8 TEM,CD8 TEM,CD8 TEM,,1,2
146216,E2L7_GTTAGACGTGCCCTTT,CD8 TEM,Treg,Treg,,0,0
132413,E2L6_GCCAGGTCACTGTTCC,CD8 TEM,CD4 Proliferating,CD4 Proliferating,,0,0
81605,E2L2_CACACAATCTGAGAGG,CD8 TEM,gdT,gdT,,0,0
116096,E2L5_ATTCACTTCCTCTTTC,CD8 TEM,CD4 TEM,CD4 TEM,,0,0
137289,E2L6_TTGAGTGAGGTGCGAT,CD8 TEM,Eryth,Eryth,,0,0
8590,L1_GGGTTATTCTGGTCAA,CD8 TEM,Eryth,Eryth,,0,0
91900,E2L3_AGACACTCAAACAGGC,CD8 TEM,cDC1,cDC1,,0,0
144126,E2L7_GATCACACAAAGAGTT,CD8 TEM,CD8 TCM,CD8 TCM,,0,1
49199,L4_TATCGCCTCGACACCG,CD8 TEM,CD4 Proliferating,CD4 Proliferating,,0,0
133796,E2L6_GTCTTTACAATCCTAG,CD8 TEM,ASDC,ASDC,,0,0
127172,E2L6_AGGAAATTCCGATGTA,Doublet,CD8 Naive,CD8 Naive,,0,0
79944,E2L2_AGACCCGTCGCTTGAA,Doublet,Treg,Treg,,0,0
122483,E2L5_TAGGTACAGCCTATTG,Doublet,ASDC,ASDC,,0,0
101573,E2L3_TTGCTGCGTAATCAGA,Doublet,cDC2,cDC2,,0,0
95626,E2L3_CTGCATCAGGCTCCCA,Doublet,Eryth,Eryth,,0,1
114282,E2L5_ACCATTTTCGGCATAT,Doublet,CD14 Mono,CD14 Mono,,0,0
144736,E2L7_GCTGAATGTTCGAAGG,Doublet,CD4 TCM,CD4 TCM,,0,0
155361,E2L8_CTTAGGAGTAGAGGAA,Doublet,HSPC,HSPC,,0,1
14287,L2_AAGTCGTGTCGTATTG,Doublet,CD4 TCM,CD4 TCM,,0,0
88438,E2L2_TCGACGGTCAAACCCA,Doublet,B naive,B naive,,0,0
33223,L3_GAGAGGTGTATCACCA,Doublet,NK,NK,,0,0
128421,E2L6_CAAAGAAGTTGGGCCT,Doublet,NK,NK,,0,0
128601,E2L6_CAATCGATCGATTCCC,Doublet,B naive,B naive,,0,0
19134,L2_CGTTAGAGTCTGCATA,Doublet,CD4 Proliferating,CD4 Proliferating,,0,0
120178,E2L5_GCCCAGAAGACCAGAC,Doublet,CD4 Naive,CD4 Naive,,0,0
92341,E2L3_AGGGTTTGTTCAGTAC,Doublet,NK,NK,,0,0
121317,E2L5_GTCAAGTTCTCCCATG,Doublet,NK_CD56bright,NK_CD56bright,,0,0
42687,L4_CACGTGGAGTCATCGT,Doublet,NK_CD56bright,NK_CD56bright,,0,0
141622,E2L7_CCACGTTCAAGTTTGC,Doublet,gdT,gdT,,0,0
124007,E2L5_TGCAGATTCTCAGTCC,Doublet,Plasmablast,Plasmablast,,0,0
18588,L2_CCTTTGGTCTGGACCG,Eryth,CD4 TCM,CD4 TCM,,0,0
23815,L2_TATTGCTGTTAAACCC,Eryth,B naive,B naive,,0,0
145486,E2L7_GTAATCGTCAGACCGC,Eryth,MAIT,MAIT,,0,0
57669,L5_CCTCCTCTCACCTTGC,Eryth,dnT,dnT,,0,0
13294,L1_TTCTTGACAATAACGA,Eryth,pDC,pDC,,0,0
39282,L4_AACAACCTCAACCCGG,Eryth,CD4 Naive,CD4 Naive,,0,0
12655,L1_TGTCCTGCAACTGCCG,Eryth,CD4 Naive,CD4 Naive,,0,0
151229,E2L8_AGAGCAGAGTTGTCGT,Eryth,B intermediate,B intermediate,,0,0
33971,L3_GCGTGCAAGTAGGATT,Eryth,CD14 Mono,CD14 Mono,,0,0
23918,L2_TCACAAGTCCTCATAT,Eryth,HSPC,HSPC,,0,1
72294,E2L1_CTGATCCGTAGCGTCC,Eryth,Eryth,Eryth,,1,2
18386,L2_CCTATCGGTATCTCTT,Eryth,CD8 Naive,CD8 Naive,,0,0
155480,E2L8_CTTTCAAAGGCACGAT,Eryth,CD4 TCM,CD4 TCM,,0,0
124470,E2L5_TGTCCTGGTTGGAGAC,Eryth,Treg,Treg,,0,0
14599,L2_ACATCCCCAGCTGAGA,Eryth,CD8 TEM,CD8 TEM,,0,0
39538,L4_AAGATAGTCGCGATCG,Eryth,Treg,Treg,,0,0
26043,L2_TTACAGGGTTCGGTAT,Eryth,gdT,gdT,,0,0
30861,L3_CCACAAAAGAGGGCGA,Eryth,CD4 TCM,CD4 TCM,,0,0
52517,L5_AAAGGTACACGCGCTA,Eryth,CD4 CTL,CD4 CTL,,0,0
155438,E2L8_CTTCTCTAGTATAGGT,Eryth,gdT,gdT,,0,0
55605,L5_ATGCGATTCCAGTGCG,HSPC,MAIT,MAIT,,0,0
83461,E2L2_CTACCCACAGTTAGGG,HSPC,CD4 TCM,CD4 TCM,,0,0
41436,L4_AGTCTCCAGCCACAAG,HSPC,MAIT,MAIT,,0,0
61719,L5_GGTTCTCGTTCCAGGC,HSPC,Doublet,Doublet,,0,1
43714,L4_CCGGTGACACACAGCC,HSPC,dnT,dnT,,0,0
11418,L1_TCGGGACAGCTACGTT,HSPC,CD4 Naive,CD4 Naive,,0,0
67052,L5_TTTGGAGGTGGTGATG,HSPC,pDC,pDC,,0,0
49784,L4_TCCCACACATGCAGCC,HSPC,gdT,gdT,,0,0
13631,L1_TTTCAGTTCCATACTT,HSPC,CD16 Mono,CD16 Mono,,0,0
44537,L4_CTAACTTGTTGTGGAG,HSPC,CD16 Mono,CD16 Mono,,0,0
42109,L4_ATGTCTTCAGAAGCTG,HSPC,Eryth,Eryth,,0,1
38438,L3_TTCAATCTCGGTGTTA,HSPC,B intermediate,B intermediate,,0,0
53539,L5_ACCCTCAAGAGGCGTT,HSPC,CD4 TCM,CD4 TCM,,0,0
8644,L1_GGTAGAGCACACCAGC,HSPC,CD8 TCM,CD8 TCM,,0,0
98640,E2L3_TAACGACAGCCTTTGA,HSPC,pDC,pDC,,0,0
45808,L4_GACTTCCAGGGTGGGA,HSPC,pDC,pDC,,0,0
10570,L1_TCAAGACAGGCACTAG,HSPC,CD14 Mono,CD14 Mono,,0,0
8477,L1_GGGCTCAGTCTGTAGT,HSPC,cDC2,cDC2,,0,0
35883,L3_TACCCGTCAGTGGCTC,HSPC,B memory,B memory,,0,0
123550,E2L5_TCTAACTTCCTCGCAT,HSPC,Plasmablast,Plasmablast,,0,0
24812,L2_TCTACATTCCTGTTGC,ILC,cDC1,cDC1,,0,0
89000,E2L2_TGAGTCAGTCCTTAAG,ILC,cDC2,cDC2,,0,0
86295,E2L2_GTAGTACCAAGTTCCA,ILC,CD4 CTL,CD4 CTL,,0,0
160458,E2L8_TGCTGAATCATCTATC,ILC,cDC2,cDC2,,0,0
71477,E2L1_CGATGGCGTGTTGACT,ILC,B naive,B naive,,0,0
81719,E2L2_CACTAAGAGTTCAACC,ILC,Eryth,Eryth,,0,1
114471,E2L5_ACGTAGTTCCGACGGT,ILC,CD8 TEM,CD8 TEM,,0,0
101433,E2L3_TTCTAGTCAACCACGC,ILC,CD4 TCM,CD4 TCM,,0,0
129230,E2L6_CATGGTAAGTCGAAGC,ILC,ASDC,ASDC,,0,0
81942,E2L2_CAGTGCGGTATGAGCG,ILC,Plasmablast,Plasmablast,,0,0
6012,L1_CTCCCAAAGAGTCGAC,ILC,CD4 TEM,CD4 TEM,,0,0
145306,E2L7_GGTCACGCAGTTGAAA,ILC,NK,NK,,0,0
104650,E2L4_ATTTCACTCTATCGTT,ILC,CD8 Proliferating,CD8 Proliferating,,0,0
71794,E2L1_CGTTAGACACACGTGC,ILC,CD8 Naive,CD8 Naive,,0,0
151971,E2L8_ATACCTTTCCTGTAAG,ILC,cDC2,cDC2,,0,0
117758,E2L5_CCTGCATTCGTCGGGT,ILC,B memory,B memory,,0,0
25281,L2_TGCACGGTCTGCATGA,ILC,NK_CD56bright,NK_CD56bright,,0,0
157008,E2L8_GGCTTGGTCAAGTAAG,ILC,Plasmablast,Plasmablast,,0,0
19161,L2_CGTTGGGCACATGGTT,ILC,CD8 Naive,CD8 Naive,,0,0
40100,L4_ACCCTCATCACCGGGT,ILC,CD4 Proliferating,CD4 Proliferating,,0,0
19706,L2_CTGATCCCAACATCGT,MAIT,ASDC,ASDC,,0,0
94593,E2L3_CCTCTCCAGCAGGCTA,MAIT,gdT,gdT,,0,1
106770,E2L4_CTCAATTAGAAACTCA,MAIT,gdT,gdT,,0,1
18049,L2_CCACTTGAGTACAGCG,MAIT,CD4 Naive,CD4 Naive,,0,0
29212,L3_ATCACAGGTTGTAGCT,MAIT,ASDC,ASDC,,0,0
61838,L5_GTACAACGTACTGCGC,MAIT,B naive,B naive,,0,0
17078,L2_CAAGACTTCAAGAGTA,MAIT,B memory,B memory,,0,0
59130,L5_CTGGACGCAGTAACGG,MAIT,Treg,Treg,,0,0
99686,E2L3_TCCCACAGTGAGTAGC,MAIT,cDC2,cDC2,,0,0
49141,L4_TATACCTGTAGATGTA,MAIT,CD14 Mono,CD14 Mono,,0,0
34476,L3_GGGCTACAGAGGGCGA,MAIT,Plasmablast,Plasmablast,,0,0
39947,L4_ACAGAAATCCATGCAA,MAIT,CD16 Mono,CD16 Mono,,0,0
70951,E2L1_CCCGGAATCGTGACTA,MAIT,CD8 Naive,CD8 Naive,,0,0
14428,L2_AATGGAATCCCAGTGG,MAIT,ILC,ILC,,0,0
149109,E2L7_TTCACCGTCCGCAAAT,MAIT,NK_CD56bright,NK_CD56bright,,0,0
144073,E2L7_GAGTTACGTAATACCC,MAIT,cDC2,cDC2,,0,0
34742,L3_GGTTCTCTCAACGAGG,MAIT,B intermediate,B intermediate,,0,0
42278,L4_ATTGGGTAGCGAGGAG,MAIT,CD4 CTL,CD4 CTL,,0,0
92254,E2L3_AGGCATTCAAGCGAAC,MAIT,CD4 Proliferating,CD4 Proliferating,,0,0
9197,L1_GTCCTCAGTGTTTACG,MAIT,CD4 TCM,CD4 TCM,,0,0
25377,L2_TGCGACGAGATTCGAA,NK,pDC,pDC,,0,0
6614,L1_GAAACCTTCGCCAACG,NK,Platelet,Platelet,,0,0
25257,L2_TGATTTCAGTGAGGCT,NK,CD4 TCM,CD4 TCM,,0,0
84815,E2L2_GATCATGGTAACGGTG,NK,pDC,pDC,,0,0
96706,E2L3_GCAGGCTAGGTTGACG,NK,Doublet,Doublet,,0,0
80854,E2L2_ATCCGTCGTTGCAAGG,NK,Doublet,Doublet,,0,0
122322,E2L5_TACGGGCGTGACTAAA,NK,CD8 TCM,CD8 TCM,,0,0
63159,L5_TACCCGTCAGCGCGTT,NK,CD14 Mono,CD14 Mono,,0,0
136872,E2L6_TTACAGGTCGAGAAGC,NK,dnT,dnT,,0,0
82617,E2L2_CCGGGTACATGACAGG,NK,ASDC,ASDC,,0,0
19992,L2_CTTCCTTGTGCATGAG,NK,CD16 Mono,CD16 Mono,,0,0
87474,E2L2_TAGACTGAGTCTGTAC,NK,CD4 Naive,CD4 Naive,,0,0
110134,E2L4_GTTGCTCCACACCAGC,NK,CD4 Proliferating,CD4 Proliferating,,0,0
117094,E2L5_CATTCCGCACTCTAGA,NK,CD14 Mono,CD14 Mono,,0,0
157111,E2L8_GGGATGAGTTGGGTTT,NK,ASDC,ASDC,,0,0
84175,E2L2_CTTGATTAGTTGGACG,NK,NK Proliferating,NK Proliferating,,0,1
59405,L5_CTTGAGAAGCAATAAC,NK,pDC,pDC,,0,0
2631,L1_ATCACTTTCACGGGAA,NK,B naive,B naive,,0,0
103140,E2L4_ACTTCGCCAAGCGCAA,NK,CD4 TCM,CD4 TCM,,0,0
143854,E2L7_GACTGATGTGTCTAAC,NK,Doublet,Doublet,,0,0
103051,E2L4_ACTCTCGAGGTTGAGC,NK Proliferating,dnT,dnT,,0,0
36977,L3_TCCTTTCTCGACTCCT,NK Proliferating,NK Proliferating,NK Proliferating,,1,2
133540,E2L6_GTAGTACTCATTACGG,NK Proliferating,Plasmablast,Plasmablast,,0,0
20996,L2_GCACGGTAGAGCAGCT,NK Proliferating,ILC,ILC,,0,0
1215,L1_ACGTCCTCAATCCTTT,NK Proliferating,CD8 Proliferating,CD8 Proliferating,,0,0
2389,L1_AGTGACTTCGCTGATA,NK Proliferating,CD4 CTL,CD4 CTL,,0,0
106989,E2L4_CTCTCAGGTGACTGAG,NK Proliferating,cDC1,cDC1,,0,0
3307,L1_ATTTCACTCACAAGGG,NK Proliferating,Platelet,Platelet,,0,0
144019,E2L7_GAGTCATAGGTTTGAA,NK Proliferating,ASDC,ASDC,,0,0
14442,L2_AATGGCTGTCAAAGTA,NK Proliferating,NK_CD56bright,NK_CD56bright,,0,1
140004,E2L7_ATCATTCCAATGCAGG,NK Proliferating,B memory,B memory,,0,0
74399,E2L1_GTAACACCAACACGTT,NK Proliferating,NK_CD56bright,NK_CD56bright,,0,1
104936,E2L4_CACGAATGTAGTCGTT,NK Proliferating,Treg,Treg,,0,0
22522,L2_GTCATTTTCTCATGCC,NK Proliferating,CD14 Mono,CD14 Mono,,0,0
126863,E2L6_AGACAGGCACATAGCT,NK Proliferating,CD8 TCM,CD8 TCM,,0,0
156959,E2L8_GGCAGTCAGAATCGAT,NK Proliferating,B naive,B naive,,0,0
159860,E2L8_TCTACCGAGCTCGACC,NK Proliferating,HSPC,HSPC,,0,0
37388,L3_TGAATGCGTTGCATTG,NK Proliferating,dnT,dnT,,0,0
100010,E2L3_TCGGTCTGTCGCTCGA,NK Proliferating,B memory,B memory,,0,0
29638,L3_ATTACCTTCCATTGGA,NK Proliferating,CD8 Proliferating,CD8 Proliferating,,0,0
21188,L2_GCCAGCATCGAGCCAC,NK_CD56bright,pDC,pDC,,0,0
127381,E2L6_AGGTAGGAGTGCACCC,NK_CD56bright,CD4 TCM,CD4 TCM,,0,0
92257,E2L3_AGGCATTGTGAACGGT,NK_CD56bright,CD14 Mono,CD14 Mono,,0,0
133682,E2L6_GTCCCATAGCCGGATA,NK_CD56bright,Doublet,Doublet,,0,0
135600,E2L6_TCGATTTCACCTAAAC,NK_CD56bright,Doublet,Doublet,,0,0
148264,E2L7_TGATGGTTCACGGTCG,NK_CD56bright,NK,NK,,0,1
19277,L2_CTACTATGTGATCATC,NK_CD56bright,CD4 TCM,CD4 TCM,,0,0
85491,E2L2_GGAACCCGTTCTCCCA,NK_CD56bright,gdT,gdT,,0,0
125101,E2L5_TTGAGTGCAGAAATTG,NK_CD56bright,Eryth,Eryth,,0,0
35841,L3_TACAGGTGTAGTTACC,NK_CD56bright,CD4 Proliferating,CD4 Proliferating,,0,0
117572,E2L5_CCGTGAGGTGTGGTCC,NK_CD56bright,gdT,gdT,,0,0
112086,E2L4_TGCAGGCAGAAGCCTG,NK_CD56bright,dnT,dnT,,0,0
135164,E2L6_TCAGTTTAGTACTCGT,NK_CD56bright,Doublet,Doublet,,0,0
95907,E2L3_CTTTCAATCGAGTGAG,NK_CD56bright,ASDC,ASDC,,0,0
154549,E2L8_CGTGAATTCACTCTTA,NK_CD56bright,ILC,ILC,,0,0
116682,E2L5_CAGATACAGATAGCAT,NK_CD56bright,HSPC,HSPC,,0,0
18575,L2_CCTTGTGTCTTCGATT,NK_CD56bright,CD14 Mono,CD14 Mono,,0,0
130605,E2L6_CTAGACACAGGCGTTC,NK_CD56bright,MAIT,MAIT,,0,0
5157,L1_CGAGTTAGTGTACAGG,NK_CD56bright,cDC1,cDC1,,0,0
83172,E2L2_CGGAGAACACGGATCC,NK_CD56bright,B naive,B naive,,0,0
7430,L1_GATGCTATCCTGTACC,Plasmablast,NK_CD56bright,NK_CD56bright,,0,0
154894,E2L8_CTCAGTCCAGACGATG,Plasmablast,CD14 Mono,CD14 Mono,,0,0
24314,L2_TCCATCGCATCGGAAG,Plasmablast,Plasmablast,Plasmablast,,1,2
114465,E2L5_ACGTAGTCAGGCTACC,Plasmablast,CD8 Proliferating,CD8 Proliferating,,0,0
10112,L1_TACCTCGCAAAGGCTG,Plasmablast,ASDC,ASDC,,0,0
57480,L5_CCGTGAGAGATGCTAA,Plasmablast,gdT,gdT,,0,0
101868,E2L3_TTTGGAGCACCAGGTC,Plasmablast,CD16 Mono,CD16 Mono,,0,0
59073,L5_CTGCCTAGTGTTTACG,Plasmablast,ILC,ILC,,0,0
70469,E2L1_CAGTTCCGTTATTCCT,Plasmablast,CD16 Mono,CD16 Mono,,0,0
14967,L2_ACTATCTGTTCGGCGT,Plasmablast,dnT,dnT,,0,0
29294,L3_ATCCCTGAGGGCAGTT,Plasmablast,NK_CD56bright,NK_CD56bright,,0,0
160550,E2L8_TGGATGTTCCACGTCT,Plasmablast,Platelet,Platelet,,0,0
516,L1_AAGTACCGTGAGGAAA,Plasmablast,CD8 TCM,CD8 TCM,,0,0
79075,E2L2_AATGCCAAGTATCCTG,Plasmablast,CD8 TEM,CD8 TEM,,0,0
127796,E2L6_ATCACTTTCCGTGGCA,Plasmablast,MAIT,MAIT,,0,0
51658,L4_TTCAATCAGGCTTCCG,Plasmablast,Platelet,Platelet,,0,0
26213,L2_TTCATGTAGGAAGAAC,Plasmablast,cDC1,cDC1,,0,0
46191,L4_GATGAGGTCTCGGTAA,Plasmablast,ASDC,ASDC,,0,0
5296,L1_CGGAACCTCCGTGGGT,Plasmablast,NK,NK,,0,0
47256,L4_GGGCGTTCAAATACGA,Plasmablast,B naive,B naive,,0,1
125841,E2L6_AAGACTCTCAACGCTA,Platelet,CD4 Proliferating,CD4 Proliferating,,0,0
55511,L5_ATGAGGGCAAACTCTG,Platelet,Treg,Treg,,0,0
107081,E2L4_CTGCAGGTCGGACTGC,Platelet,CD4 Naive,CD4 Naive,,0,0
95604,E2L3_CTGATCCGTCGCACAC,Platelet,Platelet,Platelet,,1,2
117904,E2L5_CGATCGGGTAGCGTTT,Platelet,CD8 TEM,CD8 TEM,,0,0
67405,E2L1_AAGAACACATAATCGC,Platelet,CD4 Naive,CD4 Naive,,0,0
68220,E2L1_ACTGATGTCTTCGATT,Platelet,CD4 TEM,CD4 TEM,,0,0
118277,E2L5_CGTTAGATCTGAGGCC,Platelet,Eryth,Eryth,,0,1
137357,E2L6_TTGCTGCCAGCCCACA,Platelet,Plasmablast,Plasmablast,,0,0
158089,E2L8_GTGGTTAGTTGCACGC,Platelet,ILC,ILC,,0,1
43383,L4_CCACACTAGTGATGGC,Platelet,dnT,dnT,,0,0
80288,E2L2_AGGCATTAGCCTTTCC,Platelet,cDC1,cDC1,,0,0
83146,E2L2_CGGAATTTCGTGGACC,Platelet,Plasmablast,Plasmablast,,0,0
62837,L5_GTTGTAGCAAACGTGG,Platelet,ILC,ILC,,0,1
151355,E2L8_AGCGATTAGGTACATA,Platelet,CD4 Proliferating,CD4 Proliferating,,0,0
101431,E2L3_TTCTAGTAGAAGCGCT,Platelet,CD8 Proliferating,CD8 Proliferating,,0,0
103375,E2L4_AGATCGTCAACAGCCC,Platelet,B naive,B naive,,0,0
98355,E2L3_GTGTGATAGGTTCAGG,Platelet,CD8 Naive,CD8 Naive,,0,0
155038,E2L8_CTCGAGGGTAACATGA,Platelet,dnT,dnT,,0,0
61460,L5_GGGTATTTCCCTAGGG,Platelet,CD8 TCM,CD8 TCM,,0,0
31255,L3_CCTACGTAGAAAGTCT,Treg,B naive,B naive,,0,0
50541,L4_TGACCCTTCGAAGTGG,Treg,NK,NK,,0,0
20256,L2_GAATCGTCAAGTATCC,Treg,gdT,gdT,,0,0
17459,L2_CAGCAGCTCGCTAATG,Treg,cDC1,cDC1,,0,0
54454,L5_AGCGCCAGTGGCTGCT,Treg,CD4 Proliferating,CD4 Proliferating,,0,1
31678,L3_CGCCAGACAGCTGTCG,Treg,CD8 TEM,CD8 TEM,,0,0
52228,L4_TTTACGTCACTGGACC,Treg,Eryth,Eryth,,0,0
49809,L4_TCCCATGCACCTGCAG,Treg,CD4 Naive,CD4 Naive,,0,1
79611,E2L2_ACGTTCCTCCCGAGGT,Treg,CD4 Proliferating,CD4 Proliferating,,0,1
52137,L4_TTGTGGACACGCGTCA,Treg,CD4 Naive,CD4 Naive,,0,1
8720,L1_GGTGGCTTCTGGCTGG,Treg,pDC,pDC,,0,0
22185,L2_GGTTAACTCGGTCACG,Treg,Plasmablast,Plasmablast,,0,0
48054,L4_GTCTAGAGTATAATGG,Treg,cDC1,cDC1,,0,0
38456,L3_TTCACGCTCAAAGGTA,Treg,Treg,Treg,,1,2
46657,L4_GCGATCGGTGTTCCTC,Treg,gdT,gdT,,0,0
56779,L5_CATCGCTTCAAACGAA,Treg,B naive,B naive,,0,0
48510,L4_GTTCGCTTCGTTAGAC,Treg,cDC2,cDC2,,0,0
62151,L5_GTCCTCACAAGATCCT,Treg,B memory,B memory,,0,0
57273,L5_CCCTCAAGTGCGTTTA,Treg,CD8 TEM,CD8 TEM,,0,0
28558,L3_AGCCAGCTCCGATAGT,Treg,ILC,ILC,,0,0
15093,L2_ACTTATCAGGTTAGTA,cDC1,CD8 Naive,CD8 Naive,,0,0
74797,E2L1_GTCTCACAGCTGTGCC,cDC1,CD14 Mono,CD14 Mono,,0,0
47612,L4_GTAAGTCGTCGCATGC,cDC1,CD16 Mono,CD16 Mono,,0,0
56244,L5_CACAACATCGTGCGAC,cDC1,Treg,Treg,,0,0
30351,L3_CAGATCATCACTTATC,cDC1,CD4 TCM,CD4 TCM,,0,0
54594,L5_AGGAGGTCATCCTTCG,cDC1,CD4 TCM,CD4 TCM,,0,0
126684,E2L6_ACTGTGATCCACGGAC,cDC1,dnT,dnT,,0,0
129612,E2L6_CCGAACGAGAGCCGAT,cDC1,CD14 Mono,CD14 Mono,,0,0
54448,L5_AGCGCCACAGGTCAAG,cDC1,dnT,dnT,,0,0
11118,L1_TCCCATGAGGAATGTT,cDC1,dnT,dnT,,0,0
116590,E2L5_CACGTGGAGGAAAGGT,cDC1,ILC,ILC,,0,0
6356,L1_CTGTAGAAGACCGCCT,cDC1,CD16 Mono,CD16 Mono,,0,0
152675,E2L8_CAACAGTCAGGATTCT,cDC1,CD14 Mono,CD14 Mono,,0,0
127899,E2L6_ATCGATGAGCTAATGA,cDC1,CD4 Proliferating,CD4 Proliferating,,0,0
11291,L1_TCGAAGTCAACCTAAC,cDC1,HSPC,HSPC,,0,0
7747,L1_GCCAGCACAGCAGTTT,cDC1,CD14 Mono,CD14 Mono,,0,0
76907,E2L1_TCTTTGATCGTGGGTC,cDC1,CD8 TEM,CD8 TEM,,0,0
79136,E2L2_ACAAAGAAGTTCCGTA,cDC1,B naive,B naive,,0,0
84449,E2L2_GACCCTTAGGCACTAG,cDC1,Eryth,Eryth,,0,0
122898,E2L5_TCAGTTTTCCATAAGC,cDC1,ASDC,ASDC,,0,1
63636,L5_TATTGCTAGGGCTTCC,cDC2,NK Proliferating,NK Proliferating,,0,0
127869,E2L6_ATCCGTCCATCCGTTC,cDC2,B intermediate,B intermediate,,0,0
40896,L4_AGCCAGCCATACTGAC,cDC2,CD4 CTL,CD4 CTL,,0,0
154468,E2L8_CGGTCAGGTGGACTGA,cDC2,CD16 Mono,CD16 Mono,,0,0
80805,E2L2_ATCATTCAGGCAGGTT,cDC2,Treg,Treg,,0,0
127721,E2L6_ATAGAGAGTATGGAAT,cDC2,B intermediate,B intermediate,,0,0
26244,L2_TTCATTGTCTCCATAT,cDC2,CD8 TCM,CD8 TCM,,0,0
108843,E2L4_GGCTGTGTCTGTTCAT,cDC2,ILC,ILC,,0,0
13495,L1_TTGTGTTTCTTCACGC,cDC2,Doublet,Doublet,,0,0
76731,E2L1_TCGTGGGTCTCAACGA,cDC2,NK Proliferating,NK Proliferating,,0,0
126443,E2L6_ACGCACGAGAGGGCGA,cDC2,Platelet,Platelet,,0,0
2382,L1_AGTGACTGTATTAAGG,cDC2,CD8 Proliferating,CD8 Proliferating,,0,0
149862,E2L8_AAAGTGACAAGTGCAG,cDC2,Treg,Treg,,0,0
125619,E2L6_AAATGGACACTCATAG,cDC2,CD4 TCM,CD4 TCM,,0,0
59182,L5_CTGTACCAGTGCTACT,cDC2,pDC,pDC,,0,1
113531,E2L5_AAAGTCCTCGACGTCG,cDC2,Doublet,Doublet,,0,0
71815,E2L1_CGTTCTGGTAACGCGA,cDC2,NK_CD56bright,NK_CD56bright,,0,0
159767,E2L8_TCGGGTGAGCATTGTC,cDC2,cDC2,cDC2,,1,2
115008,E2L5_AGCGCCAAGGTTATAG,cDC2,Platelet,Platelet,,0,0
117778,E2L5_CCTTCAGTCTGTCCGT,cDC2,cDC1,cDC1,,0,1
136562,E2L6_TGGGTTATCAATCAGC,dnT,Eryth,Eryth,,0,0
15077,L2_ACTGTGAGTGATACTC,dnT,B intermediate,B intermediate,,0,0
31210,L3_CCGTGAGAGTTCCTGA,dnT,Doublet,Doublet,,0,0
20606,L2_GAGGGTACAGACATCT,dnT,CD16 Mono,CD16 Mono,,0,0
2582,L1_ATATCCTCATGCCATA,dnT,cDC2,cDC2,,0,0
37398,L3_TGACAGTCATCAGCTA,dnT,CD4 Naive,CD4 Naive,,0,0
58805,L5_CTCCCAAAGCAGATAT,dnT,CD4 Naive,CD4 Naive,,0,0
25458,L2_TGCTTCGCACGAAAGC,dnT,CD4 Naive,CD4 Naive,,0,0
41918,L4_ATGAAAGGTGTTTACG,dnT,MAIT,MAIT,,0,1
26150,L2_TTAGTCTTCTGGCCAG,dnT,HSPC,HSPC,,0,0
11341,L1_TCGCACTAGCAATTCC,dnT,gdT,gdT,,0,1
91936,E2L3_AGACTCAAGAATAGTC,dnT,CD8 Proliferating,CD8 Proliferating,,0,0
2467,L1_AGTTCCCAGCAGCCTC,dnT,CD4 Proliferating,CD4 Proliferating,,0,0
122724,E2L5_TCACAAGTCCGCAAAT,dnT,B intermediate,B intermediate,,0,0
128937,E2L6_CAGCGTGAGTGGAATT,dnT,ASDC,ASDC,,0,0
123003,E2L5_TCATGTTCAATCTCTT,dnT,CD8 Naive,CD8 Naive,,0,0
42194,L4_ATTCAGGCACAGTACT,dnT,dnT,dnT,,1,2
20303,L2_GACATCAGTCACCGCA,dnT,Eryth,Eryth,,0,0
65735,L5_TGTAACGAGATGGGCT,dnT,cDC2,cDC2,,0,0
6008,L1_CTCCATGCATCGGCCA,dnT,B naive,B naive,,0,0
141081,E2L7_CAGCACGGTACTGACT,gdT,B memory,B memory,,0,0
77296,E2L1_TGCTTCGAGATCCAAA,gdT,Treg,Treg,,0,0
127818,E2L6_ATCATTCGTGGTCTCG,gdT,B naive,B naive,,0,0
93252,E2L3_ATTGGGTCATATGGCT,gdT,B intermediate,B intermediate,,0,0
119270,E2L5_GAAGTAACATGACTAC,gdT,CD8 Proliferating,CD8 Proliferating,,0,0
116360,E2L5_CAACGGCCAAATGAGT,gdT,dnT,dnT,,0,1
108773,E2L4_GGAGGTATCGAGCCAC,gdT,NK Proliferating,NK Proliferating,,0,0
98994,E2L3_TAGATCGGTTGACGGA,gdT,B naive,B naive,,0,0
125756,E2L6_AACGAAACAGTCTGGC,gdT,Treg,Treg,,0,0
72587,E2L1_CTTTCGGTCCATGCAA,gdT,cDC1,cDC1,,0,0
76846,E2L1_TCTGCCATCAGGTGTT,gdT,Platelet,Platelet,,0,0
139675,E2L7_AGTACCAAGCGTATAA,gdT,cDC2,cDC2,,0,0
12021,L1_TGATTCTAGAGAGTGA,gdT,CD4 Naive,CD4 Naive,,0,0
152972,E2L8_CACTAAGCAATTGTGC,gdT,pDC,pDC,,0,0
132372,E2L6_GCATTAGAGGTAAGGA,gdT,CD4 TCM,CD4 TCM,,0,0
145011,E2L7_GGCTTTCCAAAGAGTT,gdT,Platelet,Platelet,,0,0
123670,E2L5_TCTGCCAGTGTAAACA,gdT,HSPC,HSPC,,0,0
129143,E2L6_CATCGGGTCCTTGAAG,gdT,Platelet,Platelet,,0,0
99875,E2L3_TCGAAGTCATGGCCCA,gdT,MAIT,MAIT,,0,1
73366,E2L1_GCACGGTCAAGGAGTC,gdT,MAIT,MAIT,,0,1
111086,E2L4_TCATGCCGTGGTCTAT,pDC,MAIT,MAIT,,0,0
110377,E2L4_TACCCACTCGCGGTAC,pDC,Platelet,Platelet,,0,0
108715,E2L4_GGACGTCTCTGACCCT,pDC,NK_CD56bright,NK_CD56bright,,0,0
81336,E2L2_ATTGTTCTCAGAATAG,pDC,CD14 Mono,CD14 Mono,,0,0
38153,L3_TGTGGCGAGATGAATC,pDC,Treg,Treg,,0,0
108383,E2L4_GCCAGTGTCGGCATTA,pDC,Eryth,Eryth,,0,0
104739,E2L4_CAACGATGTATAGGAT,pDC,CD4 TEM,CD4 TEM,,0,0
47323,L4_GGGTCACTCAAGTGTC,pDC,Doublet,Doublet,,0,0
1985,L1_AGGAGGTTCCACTGGG,pDC,gdT,gdT,,0,0
73283,E2L1_GATTCGATCCTTCTAA,pDC,cDC1,cDC1,,0,1
73970,E2L1_GGCAGTCTCCCTCTTT,pDC,Treg,Treg,,0,0
88572,E2L2_TCGTAGAAGATACATG,pDC,CD8 TEM,CD8 TEM,,0,0
120147,E2L5_GCCAGTGTCACCTGTC,pDC,Platelet,Platelet,,0,0
85210,E2L2_GCCATTCAGCAAGCCA,pDC,CD8 Naive,CD8 Naive,,0,0
5907,L1_CTCAGGGTCGAAGGAC,pDC,NK Proliferating,NK Proliferating,,0,0
1707,L1_AGATCCACATCATGAC,pDC,MAIT,MAIT,,0,0
149440,E2L7_TTGCTGCCATACCACA,pDC,CD4 Naive,CD4 Naive,,0,0
44248,L4_CGCGTGATCAAACGAA,pDC,CD4 Proliferating,CD4 Proliferating,,0,0
76864,E2L1_TCTGTCGTCAGTGGGA,pDC,B intermediate,B intermediate,,0,0
66932,L5_TTTCACAGTCCTGGGT,pDC,CD14 Mono,CD14 Mono,,0,0
