backend,model,provider,input_tokens,output_tokens,total_tokens,cached_input_tokens,reasoning_tokens,audio_input_tokens,audio_output_tokens,recorded_at_unix,attempt,total_attempts,attempt_status,will_retry,duration_ms,response_chars,step,phase,cell_idx,cell_barcode
DeepSeekBackend,deepseek-v4-flash,deepseek,574,348,922,0,303,,,1785132683.9280896,1,4,success,False,4679,154,stage1_annotation,annotation,10685,L1_TCACATTCACACTGGC
DeepSeekBackend,deepseek-v4-flash,deepseek,573,360,933,0,356,,,1785132684.1557362,1,4,success,False,4985,5,stage1_annotation,annotation,43050,L4_CATAGACTCTCTTGCG
DeepSeekBackend,deepseek-v4-flash,deepseek,568,362,930,0,326,,,1785132684.5651412,1,4,success,False,5166,134,stage1_annotation,annotation,122977,E2L5_TCATGCCCATGACAAA
DeepSeekBackend,deepseek-v4-flash,deepseek,570,371,941,0,309,,,1785132685.6114695,1,4,success,False,5121,243,stage1_annotation,annotation,132099,E2L6_GATGATCAGCGTTACT
DeepSeekBackend,deepseek-v4-flash,deepseek,581,507,1088,0,444,,,1785132686.3129635,1,4,success,False,6380,175,stage1_annotation,annotation,15226,L2_AGACAAAGTGTTCCTC
DeepSeekBackend,deepseek-v4-flash,deepseek,574,623,1197,0,555,,,1785132687.595446,1,4,success,False,8662,241,stage1_annotation,annotation,18250,L2_CCGGACAAGTTGCGCC
DeepSeekBackend,deepseek-v4-flash,deepseek,575,646,1221,0,552,,,1785132687.9333339,1,4,success,False,8906,311,stage1_annotation,annotation,23198,L2_GTTTGGAGTAATACCC
DeepSeekBackend,deepseek-v4-flash,deepseek,575,356,931,0,292,,,1785132688.9047832,1,4,success,False,4451,232,stage1_annotation,annotation,58892,L5_CTCCTTTGTCAGTTTG
DeepSeekBackend,deepseek-v4-flash,deepseek,574,250,824,0,245,,,1785132689.384636,1,4,success,False,3535,11,stage1_annotation,annotation,144357,E2L7_GCACGGTTCCGCGGAT
DeepSeekBackend,deepseek-v4-flash,deepseek,568,621,1189,0,524,,,1785132691.5506928,1,4,success,False,7920,299,stage1_annotation,annotation,81683,E2L2_CACGGGTAGCCAGAGT
DeepSeekBackend,deepseek-v4-flash,deepseek,576,984,1560,0,898,,,1785132691.6902618,1,4,success,False,12658,264,stage1_annotation,annotation,121173,E2L5_GTACAACAGGTTATAG
DeepSeekBackend,deepseek-v4-flash,deepseek,569,534,1103,0,494,,,1785132692.7521343,1,4,success,False,5373,136,stage1_annotation,annotation,137082,E2L6_TTCCGGTGTGAGGCAT
DeepSeekBackend,deepseek-v4-flash,deepseek,570,1090,1660,0,1034,,,1785132693.0216215,1,4,success,False,11905,187,stage1_annotation,annotation,116257,E2L5_ATTTACCTCGTGCGAC
DeepSeekBackend,deepseek-v4-flash,deepseek,578,1020,1598,0,946,,,1785132693.9798434,1,4,success,False,13017,261,stage1_annotation,annotation,50441,L4_TCTTCCTTCTGGTGCG
DeepSeekBackend,deepseek-v4-flash,deepseek,578,289,867,0,287,,,1785132695.2719698,1,4,success,False,4159,2,stage1_annotation,annotation,90640,E2L3_AAAGAACCACGGCGTT
DeepSeekBackend,deepseek-v4-flash,deepseek,580,451,1031,0,386,,,1785132695.612306,1,4,success,False,6036,220,stage1_annotation,annotation,49206,L4_TATCTGTTCATCCTAT
DeepSeekBackend,deepseek-v4-flash,deepseek,577,275,852,0,209,,,1785132696.2441318,1,4,success,False,3511,258,stage1_annotation,annotation,88159,E2L2_TCCAGAAAGAGTTGAT
DeepSeekBackend,deepseek-v4-flash,deepseek,582,931,1513,0,850,,,1785132697.455617,1,4,success,False,12373,305,stage1_annotation,annotation,32452,L3_CTGAGCGAGGAGACCT
DeepSeekBackend,deepseek-v4-flash,deepseek,574,1474,2048,0,1406,,,1785132698.0169733,1,4,success,False,18824,222,stage1_annotation,annotation,139519,E2L7_AGGGCTCAGATACTGA
DeepSeekBackend,deepseek-v4-flash,deepseek,577,1194,1771,0,1129,,,1785132698.1673682,1,4,success,False,16404,201,stage1_annotation,annotation,80508,E2L2_AGTAGTCAGAATCCCT
DeepSeekBackend,deepseek-v4-flash,deepseek,575,1341,1916,0,1280,,,1785132699.5384486,1,4,success,False,16626,226,stage1_annotation,annotation,138519,E2L7_ACCAAACCATGTGGTT
DeepSeekBackend,deepseek-v4-flash,deepseek,570,1036,1606,0,968,,,1785132700.7684624,1,4,success,False,12106,220,stage1_annotation,annotation,56652,L5_CAGTTCCAGGGCAAGG
DeepSeekBackend,deepseek-v4-flash,deepseek,576,1000,1576,0,996,,,1785132701.8617642,1,4,success,False,13844,4,stage1_annotation,annotation,63633,L5_TATTCCATCTTTCTAG
DeepSeekBackend,deepseek-v4-flash,deepseek,576,425,1001,0,343,,,1785132701.940667,1,4,success,False,5600,280,stage1_annotation,annotation,78753,E2L2_AACCATGTCTCATAGG
DeepSeekBackend,deepseek-v4-flash,deepseek,574,1350,1924,0,1278,,,1785132703.0006049,1,4,success,False,14746,205,stage1_annotation,annotation,101432,E2L3_TTCTAGTAGGTAGCCA
DeepSeekBackend,deepseek-v4-flash,deepseek,573,1397,1970,0,1392,,,1785132703.2738335,1,4,success,False,15561,7,stage1_annotation,annotation,10904,L1_TCATGAGAGCGTGCCT
DeepSeekBackend,deepseek-v4-flash,deepseek,577,1313,1890,0,1266,,,1785132704.8319588,1,4,success,False,14968,216,stage1_annotation,annotation,134605,E2L6_TACTGCCTCGATTGAC
DeepSeekBackend,deepseek-v4-flash,deepseek,577,1619,2196,0,1614,,,1785132705.8193867,1,4,success,False,20472,7,stage1_annotation,annotation,156480,E2L8_GCCAACGTCGGCAGTC
DeepSeekBackend,deepseek-v4-flash,deepseek,574,2313,2887,0,2223,,,1785132706.6989737,1,4,success,False,25755,324,stage1_annotation,annotation,111113,E2L4_TCATGTTCAACTCATG
DeepSeekBackend,deepseek-v4-flash,deepseek,574,1557,2131,0,1555,,,1785132709.957647,1,4,success,False,20357,2,stage1_annotation,annotation,121565,E2L5_GTGAGCCTCGGTGTAT
DeepSeekBackend,deepseek-v4-flash,deepseek,569,2113,2682,0,1995,,,1785132717.9261591,1,4,success,False,25894,418,stage1_annotation,annotation,89140,E2L2_TGCATGACATGTCAGT
