provider,input_tokens,output_tokens,total_tokens,cached_input_tokens,reasoning_tokens,audio_input_tokens,audio_output_tokens,backend,model,recorded_at_unix,step,phase,cell_idx,cell_barcode,sample_pos,result_index
openrouter,720,339,1059,0,262,0,0,OpenRouterBackend,deepseek/deepseek-v4-flash,1782790009.5347183,stage1_annotation,annotation,126676.0,E2L6_ACTGTGAAGAGTTCGG,,
openrouter,721,846,1567,512,766,0,0,OpenRouterBackend,deepseek/deepseek-v4-flash,1782790071.4594038,stage1_annotation,annotation,77978.0,E2L1_TTCCACGCAGTAGAGC,,
openrouter,725,95,820,0,0,0,0,OpenRouterBackend,deepseek/deepseek-v4-flash,1782790073.476679,stage1_annotation,annotation,105927.0,E2L4_CCTACGTAGCAAGGAA,,
openrouter,723,80,803,0,0,0,0,OpenRouterBackend,deepseek/deepseek-v4-flash,1782790076.8763213,stage1_annotation,annotation,18250.0,L2_CCGGACAAGTTGCGCC,,
openrouter,717,110,827,0,0,0,0,OpenRouterBackend,deepseek/deepseek-v4-flash,1782790091.1849952,stage1_annotation,annotation,159698.0,E2L8_TCGCAGGTCGACACCG,,
openrouter,721,523,1244,0,432,0,0,OpenRouterBackend,deepseek/deepseek-v4-flash,1782790097.8636694,stage1_annotation,annotation,158536.0,E2L8_TACCGAAAGACTTCGT,,
openrouter,717,765,1482,0,693,0,0,OpenRouterBackend,deepseek/deepseek-v4-flash,1782790105.560386,stage1_annotation,annotation,21769.0,L2_GGCTTTCGTATTTCCT,,
openrouter,725,90,815,0,0,0,0,OpenRouterBackend,deepseek/deepseek-v4-flash,1782790120.4755235,stage1_annotation,annotation,102319.0,E2L4_AAGGTAAAGTAGTGCG,,
openrouter,717,947,1664,0,876,0,0,OpenRouterBackend,deepseek/deepseek-v4-flash,1782790130.2708497,stage1_annotation,annotation,130599.0,E2L6_CTACTATTCGCCTAGG,,
openrouter,720,780,1500,0,696,0,0,OpenRouterBackend,deepseek/deepseek-v4-flash,1782790139.3727028,stage1_annotation,annotation,127055.0,E2L6_AGCGATTAGCTAGCCC,,
openrouter,716,602,1318,0,598,0,0,OpenRouterBackend,deepseek/deepseek-v4-flash,1782790145.5139122,stage1_annotation,annotation,98327.0,E2L3_GTGGTTAGTCACTAGT,,
openrouter,712,114,826,0,0,0,0,OpenRouterBackend,deepseek/deepseek-v4-flash,1782790148.6887176,stage1_annotation,annotation,140608.0,E2L7_CAAAGAAGTTGGCCGT,,
openrouter,717,807,1524,0,705,0,0,OpenRouterBackend,deepseek/deepseek-v4-flash,1782790219.86127,stage1_annotation,annotation,91040.0,E2L3_AATAGAGCATCTTAGG,,
openrouter,718,80,798,0,0,0,0,OpenRouterBackend,deepseek/deepseek-v4-flash,1782790227.2683377,stage1_annotation,annotation,81986.0,E2L2_CATACCCAGCTGAAAT,,
openrouter,708,90,798,0,0,0,0,OpenRouterBackend,deepseek/deepseek-v4-flash,1782790231.598155,stage1_annotation,annotation,49047.0,L4_TAGGAGGCAAAGGAGA,,
openrouter,707,307,1014,0,244,0,0,OpenRouterBackend,deepseek/deepseek-v4-flash,1782790237.7978406,stage1_annotation,annotation,97325.0,E2L3_GGGACAAGTACAAGTA,,
openrouter,718,103,821,0,0,0,0,OpenRouterBackend,deepseek/deepseek-v4-flash,1782790240.0384822,stage1_annotation,annotation,44433.0,L4_CGTCCATCACATTACG,,
openrouter,717,102,819,0,0,0,0,OpenRouterBackend,deepseek/deepseek-v4-flash,1782790242.8741066,stage1_annotation,annotation,83619.0,E2L2_CTCAATTTCGTCACCT,,
openrouter,718,96,814,0,0,0,0,OpenRouterBackend,deepseek/deepseek-v4-flash,1782790258.2576926,stage1_annotation,annotation,82386.0,E2L2_CCACGTTCACGTATAC,,
openrouter,716,89,805,0,0,0,0,OpenRouterBackend,deepseek/deepseek-v4-flash,1782790261.4234903,stage1_annotation,annotation,137198.0,E2L6_TTCTAGTCACACCGCA,,
openrouter,719,80,799,0,0,0,0,OpenRouterBackend,deepseek/deepseek-v4-flash,1782790266.7031486,stage1_annotation,annotation,31018.0,L3_CCCGGAACAGCATCTA,,
openrouter,725,85,810,0,0,0,0,OpenRouterBackend,deepseek/deepseek-v4-flash,1782790273.3879197,stage1_annotation,annotation,141301.0,E2L7_CATCCCACAGATTTCG,,
openrouter,722,78,800,0,0,0,0,OpenRouterBackend,deepseek/deepseek-v4-flash,1782790283.2470717,stage1_annotation,annotation,136796.0,E2L6_TGTTCCGTCCTATTTG,,
openrouter,715,434,1149,0,358,0,0,OpenRouterBackend,deepseek/deepseek-v4-flash,1782790289.5790515,stage1_annotation,annotation,52034.0,L4_TTGCGTCAGGTCCGAA,,
openrouter,720,1440,2160,0,1436,0,0,OpenRouterBackend,deepseek/deepseek-v4-flash,1782790310.2462447,stage1_annotation,annotation,108639.0,E2L4_GCTTGGGCAAACCATC,,
openrouter,711,65,776,0,0,0,0,OpenRouterBackend,deepseek/deepseek-v4-flash,1782790332.8741407,stage1_annotation,annotation,144194.0,E2L7_GATGACTCACAAAGTA,,
openrouter,723,95,818,0,0,0,0,OpenRouterBackend,deepseek/deepseek-v4-flash,1782790336.6852148,stage1_annotation,annotation,125461.0,E2L5_TTTGGAGAGCGTGCCT,,
openrouter,709,542,1251,0,498,0,0,OpenRouterBackend,deepseek/deepseek-v4-flash,1782790343.6817305,stage1_annotation,annotation,69446.0,E2L1_ATCGATGTCATGGCCG,,
openrouter,711,603,1314,0,598,0,0,OpenRouterBackend,deepseek/deepseek-v4-flash,1782790349.3747172,stage1_annotation,annotation,156840.0,E2L8_GGAGAACGTGGGAGAG,,
openrouter,716,326,1042,0,273,0,0,OpenRouterBackend,deepseek/deepseek-v4-flash,1782790354.7053998,stage1_annotation,annotation,107769.0,E2L4_GAGACCCTCCTTCACG,,
openrouter,725,81,806,0,0,0,0,OpenRouterBackend,deepseek/deepseek-v4-flash,1782790369.3261814,stage1_annotation,annotation,8647.0,L1_GGTAGAGGTACAAGTA,,
openrouter,720,568,1288,0,489,0,0,OpenRouterBackend,deepseek/deepseek-v4-flash,1782790374.6101952,stage1_annotation,annotation,74085.0,E2L1_GGGATCCGTCTGTGCG,,
openrouter,728,1577,2305,0,1571,0,0,OpenRouterBackend,deepseek/deepseek-v4-flash,1782790388.9263735,stage1_annotation,annotation,82541.0,E2L2_CCCTTAGTCGGAGCAA,,
openrouter,724,104,828,0,0,0,0,OpenRouterBackend,deepseek/deepseek-v4-flash,1782790391.144272,stage1_annotation,annotation,116653.0,E2L5_CACTGTCCAGCGGATA,,
openrouter,719,1079,1798,0,1002,0,0,OpenRouterBackend,deepseek/deepseek-v4-flash,1782790408.3576183,stage1_annotation,annotation,26242.0,L2_TTCATTGTCTAGCAAC,,
openrouter,721,3205,3926,0,3172,0,0,OpenRouterBackend,deepseek/deepseek-v4-flash,1782790444.9797122,stage1_annotation,annotation,142537.0,E2L7_CGTCAAAAGTGCCAGA,,
openrouter,723,86,809,0,0,0,0,OpenRouterBackend,deepseek/deepseek-v4-flash,1782790446.818132,stage1_annotation,annotation,48353.0,L4_GTGTGGCGTTAGGCTT,,
openrouter,714,65,779,0,0,0,0,OpenRouterBackend,deepseek/deepseek-v4-flash,1782790452.622691,stage1_annotation,annotation,42761.0,L4_CACTGGGTCGAACCAT,,
openrouter,734,1584,2318,0,1578,0,0,OpenRouterBackend,deepseek/deepseek-v4-flash,1782790466.6314292,stage1_annotation,annotation,53605.0,L5_ACCTACCTCGTCGATA,,
openrouter,716,717,1433,0,655,0,0,OpenRouterBackend,deepseek/deepseek-v4-flash,1782790477.463997,stage1_annotation,annotation,154965.0,E2L8_CTCCATGGTAATACCC,,
openrouter,712,111,823,0,0,0,0,OpenRouterBackend,deepseek/deepseek-v4-flash,1782790481.1930275,stage1_annotation,annotation,49205.0,L4_TATCTGTTCAGCGCAC,,
openrouter,724,124,848,0,0,0,0,OpenRouterBackend,deepseek/deepseek-v4-flash,1782790483.9451659,stage1_annotation,annotation,35733.0,L3_TAACGACGTGCTCTTC,,
openrouter,713,409,1122,0,335,0,0,OpenRouterBackend,deepseek/deepseek-v4-flash,1782790489.7062762,stage1_annotation,annotation,53372.0,L5_ACAGCCGAGAATAGTC,,
openrouter,712,65,777,0,0,0,0,OpenRouterBackend,deepseek/deepseek-v4-flash,1782790491.6365988,stage1_annotation,annotation,96628.0,E2L3_GCAACCGCATCGATAC,,
openrouter,721,583,1304,0,520,0,0,OpenRouterBackend,deepseek/deepseek-v4-flash,1782790499.2541516,stage1_annotation,annotation,18041.0,L2_CCACGTTGTCTACAAC,,
openrouter,727,285,1012,0,280,0,0,OpenRouterBackend,deepseek/deepseek-v4-flash,1782790504.7247365,stage1_annotation,annotation,97127.0,E2L3_GGAATGGAGAGCAAGA,,
openrouter,719,469,1188,0,405,0,0,OpenRouterBackend,deepseek/deepseek-v4-flash,1782790516.8154194,stage1_annotation,annotation,82656.0,E2L2_CCGTAGGAGCGGTATG,,
openrouter,727,1119,1846,0,1043,0,0,OpenRouterBackend,deepseek/deepseek-v4-flash,1782790531.1948147,stage1_annotation,annotation,126353.0,E2L6_ACCCTCATCTTGGAAC,,
openrouter,729,1281,2010,0,1219,0,0,OpenRouterBackend,deepseek/deepseek-v4-flash,1782790546.453976,stage1_annotation,annotation,19020.0,L2_CGGTCAGGTGGCTGAA,,
openrouter,721,814,1535,0,730,0,0,OpenRouterBackend,deepseek/deepseek-v4-flash,1782790560.9930422,stage1_annotation,annotation,52396.0,L4_TTTGGTTAGTCCCGAC,,
openrouter,730,95,825,0,0,0,0,OpenRouterBackend,deepseek/deepseek-v4-flash,1782790567.6189597,stage1_annotation,annotation,58171.0,L5_CGGGTCAGTTCAAGTC,,
openrouter,722,92,814,0,0,0,0,OpenRouterBackend,deepseek/deepseek-v4-flash,1782790570.816312,stage1_annotation,annotation,144908.0,E2L7_GGAGGATCAGTGACCC,,
openrouter,721,107,828,0,0,0,0,OpenRouterBackend,deepseek/deepseek-v4-flash,1782790575.7015865,stage1_annotation,annotation,135391.0,E2L6_TCCCACACAGTAGAGC,,
openrouter,726,66,792,0,0,0,0,OpenRouterBackend,deepseek/deepseek-v4-flash,1782790580.14677,stage1_annotation,annotation,64280.0,L5_TCCCATGTCAAGGAGC,,
openrouter,716,2891,3607,0,2886,0,0,OpenRouterBackend,deepseek/deepseek-v4-flash,1782790640.2325246,stage1_annotation,annotation,128389.0,E2L6_ATTTCACCAAGTGGCA,,
openrouter,723,1779,2502,0,1699,0,0,OpenRouterBackend,deepseek/deepseek-v4-flash,1782790668.0453947,stage1_annotation,annotation,16886.0,L2_ATTGGGTCAAGGAGTC,,
openrouter,728,62,790,0,0,0,0,OpenRouterBackend,deepseek/deepseek-v4-flash,1782790670.0244272,stage1_annotation,annotation,126275.0,E2L6_ACATGCAAGCAGTACG,,
openrouter,733,1707,2440,0,1628,0,0,OpenRouterBackend,deepseek/deepseek-v4-flash,1782790691.1440973,stage1_annotation,annotation,24817.0,L2_TCTACCGCATAAGATG,,
openrouter,717,636,1353,0,566,0,0,OpenRouterBackend,deepseek/deepseek-v4-flash,1782790702.7702765,stage1_annotation,annotation,714.0,L1_ACAAAGACAGTCTACA,,
openrouter,722,63,785,0,0,0,0,OpenRouterBackend,deepseek/deepseek-v4-flash,1782790704.4845293,stage1_annotation,annotation,120110.0,E2L5_GCCAACGAGAAAGTCT,,
openrouter,717,106,823,0,0,0,0,OpenRouterBackend,deepseek/deepseek-v4-flash,1782790711.7036533,stage1_annotation,annotation,129079.0,E2L6_CATAGACTCGGTCTGG,,
openrouter,717,684,1401,0,627,0,0,OpenRouterBackend,deepseek/deepseek-v4-flash,1782790719.4572015,stage1_annotation,annotation,92914.0,E2L3_ATGAAAGCAGCAGGAT,,
openrouter,716,760,1476,0,692,0,0,OpenRouterBackend,deepseek/deepseek-v4-flash,1782790728.344101,stage1_annotation,annotation,118255.0,E2L5_CGTGTCTTCAGAACCT,,
openrouter,718,422,1140,0,345,0,0,OpenRouterBackend,deepseek/deepseek-v4-flash,1782790733.576908,stage1_annotation,annotation,106070.0,E2L4_CCTTCAGCATCTTAGG,,
openrouter,715,513,1228,0,431,0,0,OpenRouterBackend,deepseek/deepseek-v4-flash,1782790738.950092,stage1_annotation,annotation,62759.0,L5_GTTCGCTAGTACAGAT,,
openrouter,713,92,805,0,0,0,0,OpenRouterBackend,deepseek/deepseek-v4-flash,1782790740.971916,stage1_annotation,annotation,18413.0,L2_CCTCACAAGTCATGAA,,
openrouter,713,97,810,0,0,0,0,OpenRouterBackend,deepseek/deepseek-v4-flash,1782790743.94783,stage1_annotation,annotation,91542.0,E2L3_ACGGTCGCAACGACTT,,
openrouter,723,81,804,0,0,0,0,OpenRouterBackend,deepseek/deepseek-v4-flash,1782790745.695727,stage1_annotation,annotation,14648.0,L2_ACATTTCGTAGCGTTT,,
openrouter,718,547,1265,0,544,0,0,OpenRouterBackend,deepseek/deepseek-v4-flash,1782790765.8011355,stage1_annotation,annotation,31670.0,L3_CGCATGGTCCAGGACC,,
openrouter,723,1426,2149,0,1421,0,0,OpenRouterBackend,deepseek/deepseek-v4-flash,1782790781.7272322,stage1_annotation,annotation,53943.0,L5_ACTGTCCAGACCCGCT,,
openrouter,724,69,793,0,0,0,0,OpenRouterBackend,deepseek/deepseek-v4-flash,1782790790.2598379,stage1_annotation,annotation,110036.0,E2L4_GTTACGATCACAGAGG,,
openrouter,730,524,1254,0,521,0,0,OpenRouterBackend,deepseek/deepseek-v4-flash,1782790796.7357657,stage1_annotation,annotation,100153.0,E2L3_TCTCAGCCAGCAGGAT,,
openrouter,723,611,1334,0,606,0,0,OpenRouterBackend,deepseek/deepseek-v4-flash,1782790802.6632292,stage1_annotation,annotation,128479.0,E2L6_CAACGATAGCACACAG,,
openrouter,715,1575,2290,0,1570,0,0,OpenRouterBackend,deepseek/deepseek-v4-flash,1782790820.3714414,stage1_annotation,annotation,15901.0,L2_AGTACCATCGTGCATA,,
openrouter,730,80,810,0,0,0,0,OpenRouterBackend,deepseek/deepseek-v4-flash,1782790823.627307,stage1_annotation,annotation,101375.0,E2L3_TTCCTTCTCGAGTCTA,,
openrouter,737,46,783,0,0,0,0,OpenRouterBackend,deepseek/deepseek-v4-flash,1782790827.9835944,stage1_annotation,annotation,86497.0,E2L2_GTCGCGACACAGTGTT,,
openrouter,721,553,1274,0,469,0,0,OpenRouterBackend,deepseek/deepseek-v4-flash,1782790835.0236113,stage1_annotation,annotation,4058.0,L1_CATCAAGCATTGGATC,,
openrouter,714,286,1000,0,230,0,0,OpenRouterBackend,deepseek/deepseek-v4-flash,1782790838.0533159,stage1_annotation,annotation,46550.0,L4_GCCAGTGCAGTGGTGA,,
openrouter,713,68,781,0,64,0,0,OpenRouterBackend,deepseek/deepseek-v4-flash,1782790840.0898101,stage1_annotation,annotation,39854.0,L4_ACAAAGAGTTTAGACC,,
openrouter,708,115,823,0,0,0,0,OpenRouterBackend,deepseek/deepseek-v4-flash,1782790844.7262769,stage1_annotation,annotation,61036.0,L5_GGAATCTGTTGACTGT,,
openrouter,730,822,1552,0,764,0,0,OpenRouterBackend,deepseek/deepseek-v4-flash,1782790853.1456842,stage1_annotation,annotation,4464.0,L1_CCACGTTCAGCTCGGT,,
openrouter,724,1645,2369,0,1641,0,0,OpenRouterBackend,deepseek/deepseek-v4-flash,1782790866.662246,stage1_annotation,annotation,120826.0,E2L5_GGGCTCAGTATTTCGG,,
openrouter,718,1003,1721,0,924,0,0,OpenRouterBackend,deepseek/deepseek-v4-flash,1782790874.942191,stage1_annotation,annotation,159188.0,E2L8_TCAGTTTTCGTGGGTC,,
openrouter,726,74,800,0,0,0,0,OpenRouterBackend,deepseek/deepseek-v4-flash,1782790876.7369845,stage1_annotation,annotation,16212.0,L2_ATCACAGAGATGCTGG,,
openrouter,717,1950,2667,0,1863,0,0,OpenRouterBackend,deepseek/deepseek-v4-flash,1782790898.8512077,stage1_annotation,annotation,155438.0,E2L8_CTTCTCTAGTATAGGT,,
openrouter,723,93,816,0,0,0,0,OpenRouterBackend,deepseek/deepseek-v4-flash,1782790902.2536478,stage1_annotation,annotation,20831.0,L2_GATGACTCAGGTATGG,,
openrouter,723,57,780,0,0,0,0,OpenRouterBackend,deepseek/deepseek-v4-flash,1782790905.5906358,stage1_annotation,annotation,29399.0,L3_ATCGTGAAGTCAAGCG,,
openrouter,718,134,852,0,0,0,0,OpenRouterBackend,deepseek/deepseek-v4-flash,1782790908.1169412,stage1_annotation,annotation,41140.0,L4_AGGCTGCAGTGCCCGT,,
openrouter,731,230,961,0,186,0,0,OpenRouterBackend,deepseek/deepseek-v4-flash,1782790911.5007668,stage1_annotation,annotation,10570.0,L1_TCAAGACAGGCACTAG,,
openrouter,717,428,1145,0,361,0,0,OpenRouterBackend,deepseek/deepseek-v4-flash,1782790917.7004595,stage1_annotation,annotation,49784.0,L4_TCCCACACATGCAGCC,,
openrouter,718,2372,3090,0,2369,0,0,OpenRouterBackend,deepseek/deepseek-v4-flash,1782790946.2148442,stage1_annotation,annotation,135619.0,E2L6_TCGCAGGAGGCACCAA,,
openrouter,724,3823,4547,0,3735,0,0,OpenRouterBackend,deepseek/deepseek-v4-flash,1782790983.6946754,stage1_annotation,annotation,69534.0,E2L1_ATCTCTAAGCACACCC,,
openrouter,734,87,821,0,0,0,0,OpenRouterBackend,deepseek/deepseek-v4-flash,1782790985.8587353,stage1_annotation,annotation,52467.0,L5_AAAGAACCAGTGTGGA,,
openrouter,719,1708,2427,0,1617,0,0,OpenRouterBackend,deepseek/deepseek-v4-flash,1782791011.4657378,stage1_annotation,annotation,159336.0,E2L8_TCATTGTTCGTTGCCT,,
openrouter,717,1252,1969,0,1165,0,0,OpenRouterBackend,deepseek/deepseek-v4-flash,1782791040.8355517,stage1_annotation,annotation,68687.0,E2L1_AGCGTATCATGGGTCC,,
openrouter,731,123,854,0,0,0,0,OpenRouterBackend,deepseek/deepseek-v4-flash,1782791043.2576506,stage1_annotation,annotation,51733.0,L4_TTCATTGTCTCATTAC,,
openrouter,719,544,1263,0,475,0,0,OpenRouterBackend,deepseek/deepseek-v4-flash,1782791051.7024238,stage1_annotation,annotation,102740.0,E2L4_ACCATTTAGCTCGGCT,,
openrouter,733,1759,2492,0,1753,0,0,OpenRouterBackend,deepseek/deepseek-v4-flash,1782791068.358102,stage1_annotation,annotation,91116.0,E2L3_AATGACCCAGAGGTTG,,
openrouter,737,479,1216,0,427,0,0,OpenRouterBackend,deepseek/deepseek-v4-flash,1782791077.4680426,stage1_annotation,annotation,9617.0,L1_GTGTTCCCACGAAAGC,,
openrouter,732,85,817,0,0,0,0,OpenRouterBackend,deepseek/deepseek-v4-flash,1782791082.0604992,stage1_annotation,annotation,85174.0,E2L2_GCCAGGTAGCCTGAAG,,
openrouter,727,82,809,0,0,0,0,OpenRouterBackend,deepseek/deepseek-v4-flash,1782791085.621367,stage1_annotation,annotation,89943.0,E2L2_TTCAGGAAGATAGTCA,,
openrouter,727,79,806,0,0,0,0,OpenRouterBackend,deepseek/deepseek-v4-flash,1782791091.2861931,stage1_annotation,annotation,118700.0,E2L5_CTCTCGAAGCGCGTTC,,
openrouter,724,82,806,0,0,0,0,OpenRouterBackend,deepseek/deepseek-v4-flash,1782791110.985941,stage1_annotation,annotation,31183.0,L3_CCGGTAGCAACAAGAT,,
openrouter,720,281,1001,0,220,0,0,OpenRouterBackend,deepseek/deepseek-v4-flash,1782791114.753117,stage1_annotation,annotation,152572.0,E2L8_ATTCTTGCAGACCATT,,
openrouter,718,61,779,0,0,0,0,OpenRouterBackend,deepseek/deepseek-v4-flash,1782791124.2124124,stage1_annotation,annotation,90211.0,E2L2_TTGAGTGCATTGCCGG,,
openrouter,724,641,1365,0,560,0,0,OpenRouterBackend,deepseek/deepseek-v4-flash,1782791132.888162,stage1_annotation,annotation,102579.0,E2L4_ACACAGTTCGAGTCCG,,
openrouter,712,1249,1961,0,1168,0,0,OpenRouterBackend,deepseek/deepseek-v4-flash,1782791152.4764943,stage1_annotation,annotation,100010.0,E2L3_TCGGTCTGTCGCTCGA,,
openrouter,723,622,1345,0,545,0,0,OpenRouterBackend,deepseek/deepseek-v4-flash,1782791169.9506223,stage1_annotation,annotation,110015.0,E2L4_GTTACAGTCGCGAAGA,,
openrouter,713,76,789,0,0,0,0,OpenRouterBackend,deepseek/deepseek-v4-flash,1782791171.7377672,stage1_annotation,annotation,48195.0,L4_GTGCAGCTCGTGGGAA,,
openrouter,721,96,817,0,0,0,0,OpenRouterBackend,deepseek/deepseek-v4-flash,1782791174.929948,stage1_annotation,annotation,58134.0,L5_CGGGACTGTAACCCTA,,
openrouter,728,78,806,0,0,0,0,OpenRouterBackend,deepseek/deepseek-v4-flash,1782791182.8246827,stage1_annotation,annotation,69634.0,E2L1_ATGCCTCAGGGAGTGG,,
openrouter,721,1106,1827,0,1010,0,0,OpenRouterBackend,deepseek/deepseek-v4-flash,1782791193.3724363,stage1_annotation,annotation,91079.0,E2L3_AATCGACGTGAGCGAT,,
openrouter,716,597,1313,0,594,0,0,OpenRouterBackend,deepseek/deepseek-v4-flash,1782791201.7549121,stage1_annotation,annotation,64417.0,L5_TCCTGCAGTTAGAAAC,,
openrouter,719,2042,2761,0,1942,0,0,OpenRouterBackend,deepseek/deepseek-v4-flash,1782791224.2778583,stage1_annotation,annotation,155837.0,E2L8_GACTGATTCATCCCGT,,
openrouter,722,1473,2195,0,1411,0,0,OpenRouterBackend,deepseek/deepseek-v4-flash,1782791242.0562994,stage1_annotation,annotation,147347.0,E2L7_TCATGGAGTCACTCAA,,
openrouter,714,1516,2230,0,1447,0,0,OpenRouterBackend,deepseek/deepseek-v4-flash,1782791257.6016555,stage1_annotation,annotation,107952.0,E2L4_GAGTTTGGTAGGCTCC,,
openrouter,722,145,867,0,139,0,0,OpenRouterBackend,deepseek/deepseek-v4-flash,1782791261.5428693,stage1_annotation,annotation,150989.0,E2L8_ACTGTGATCTGAGAGG,,
openrouter,723,87,810,0,0,0,0,OpenRouterBackend,deepseek/deepseek-v4-flash,1782791270.5668404,stage1_annotation,annotation,115957.0,E2L5_ATGGAGGGTTAGCTAC,,
openrouter,721,90,811,0,0,0,0,OpenRouterBackend,deepseek/deepseek-v4-flash,1782791275.6097097,stage1_annotation,annotation,33943.0,L3_GCGGAAAAGAAGATCT,,
openrouter,723,234,957,0,228,0,0,OpenRouterBackend,deepseek/deepseek-v4-flash,1782791278.7917523,stage1_annotation,annotation,160765.0,E2L8_TGTCAGATCTGGGAGA,,
openrouter,719,186,905,0,123,0,0,OpenRouterBackend,deepseek/deepseek-v4-flash,1782791282.6523583,stage1_annotation,annotation,150922.0,E2L8_ACTATTCGTTTACACG,,
openrouter,711,76,787,0,0,0,0,OpenRouterBackend,deepseek/deepseek-v4-flash,1782791289.368656,stage1_annotation,annotation,44583.0,L4_CTACCCAAGTAGTCAA,,
openrouter,720,76,796,0,0,0,0,OpenRouterBackend,deepseek/deepseek-v4-flash,1782791292.2214003,stage1_annotation,annotation,37959.0,L3_TGGTACAAGGTACAGC,,
openrouter,715,388,1103,0,333,0,0,OpenRouterBackend,deepseek/deepseek-v4-flash,1782791297.4537086,stage1_annotation,annotation,60521.0,L5_GCAGCTGTCCTTCAGC,,
openrouter,718,84,802,0,0,0,0,OpenRouterBackend,deepseek/deepseek-v4-flash,1782791301.0872953,stage1_annotation,annotation,100264.0,E2L3_TCTTGCGAGCGAATGC,,
openrouter,724,789,1513,0,742,0,0,OpenRouterBackend,deepseek/deepseek-v4-flash,1782791309.9994264,stage1_annotation,annotation,15499.0,L2_AGCGCCAGTGGTAACG,,
openrouter,728,2457,3185,0,2362,0,0,OpenRouterBackend,deepseek/deepseek-v4-flash,1782791389.1508725,stage1_annotation,annotation,89695.0,E2L2_TGTTCATCAAATGGAT,,
openrouter,726,109,835,0,0,0,0,OpenRouterBackend,deepseek/deepseek-v4-flash,1782791399.9234798,stage1_annotation,annotation,27574.0,L3_AATTCCTAGCCATTGT,,
openrouter,731,89,820,0,0,0,0,OpenRouterBackend,deepseek/deepseek-v4-flash,1782791401.897535,stage1_annotation,annotation,48289.0,L4_GTGGGAAGTTTGTTGG,,
openrouter,720,2384,3104,0,2380,0,0,OpenRouterBackend,deepseek/deepseek-v4-flash,1782791450.936906,stage1_annotation,annotation,51454.0,L4_TGTTCTACACCGTGGT,,
openrouter,720,107,827,0,0,0,0,OpenRouterBackend,deepseek/deepseek-v4-flash,1782791463.2509181,stage1_annotation,annotation,109219.0,E2L4_GGTGATTAGGGAGGCA,,
openrouter,721,104,825,0,0,0,0,OpenRouterBackend,deepseek/deepseek-v4-flash,1782791474.0905752,stage1_annotation,annotation,53578.0,L5_ACCGTTCAGCATGTTC,,
openrouter,723,454,1177,0,449,0,0,OpenRouterBackend,deepseek/deepseek-v4-flash,1782791481.6773553,stage1_annotation,annotation,114131.0,E2L5_ACACCAATCTTAGTTC,,
openrouter,722,687,1409,0,682,0,0,OpenRouterBackend,deepseek/deepseek-v4-flash,1782791488.5489588,stage1_annotation,annotation,79136.0,E2L2_ACAAAGAAGTTCCGTA,,
openrouter,723,1870,2593,0,1809,0,0,OpenRouterBackend,deepseek/deepseek-v4-flash,1782791505.68384,stage1_annotation,annotation,70565.0,E2L1_CATCCCATCCGCACGA,,
openrouter,718,717,1435,0,643,0,0,OpenRouterBackend,deepseek/deepseek-v4-flash,1782791513.5676007,stage1_annotation,annotation,107227.0,E2L4_CTGTGGGGTTCGAGCC,,
openrouter,719,438,1157,0,357,0,0,OpenRouterBackend,deepseek/deepseek-v4-flash,1782791518.2874956,stage1_annotation,annotation,15368.0,L2_AGATAGACATGATCTG,,
openrouter,713,581,1294,0,508,0,0,OpenRouterBackend,deepseek/deepseek-v4-flash,1782791526.069123,stage1_annotation,annotation,75651.0,E2L1_TACTTGTCAACAGATA,,
openrouter,720,969,1689,0,875,0,0,OpenRouterBackend,deepseek/deepseek-v4-flash,1782791539.1205504,stage1_annotation,annotation,110323.0,E2L4_TACAACGGTGGATCAG,,
openrouter,725,78,803,0,0,0,0,OpenRouterBackend,deepseek/deepseek-v4-flash,1782791545.091054,stage1_annotation,annotation,126463.0,E2L6_ACGGAAGGTACCTTCC,,
openrouter,729,56,785,0,0,0,0,OpenRouterBackend,deepseek/deepseek-v4-flash,1782791546.913706,stage1_annotation,annotation,11285.0,L1_TCGAACATCCACAAGT,,
openrouter,725,1282,2007,0,1217,0,0,OpenRouterBackend,deepseek/deepseek-v4-flash,1782791565.980501,stage1_annotation,annotation,60464.0,L5_GCACGTGGTACAAAGT,,
openrouter,720,95,815,0,0,0,0,OpenRouterBackend,deepseek/deepseek-v4-flash,1782791568.9823809,stage1_annotation,annotation,26804.0,L2_TTTACTGTCGACCTAA,,
openrouter,721,940,1661,0,873,0,0,OpenRouterBackend,deepseek/deepseek-v4-flash,1782791578.1889448,stage1_annotation,annotation,61555.0,L5_GGTAACTTCGCAATTG,,
openrouter,723,788,1511,0,784,0,0,OpenRouterBackend,deepseek/deepseek-v4-flash,1782791587.3982747,stage1_annotation,annotation,16311.0,L2_ATCCCTGCACAAATGA,,
openrouter,717,642,1359,0,587,0,0,OpenRouterBackend,deepseek/deepseek-v4-flash,1782791594.1063895,stage1_annotation,annotation,38709.0,L3_TTGAGTGCAGAGGTTG,,
openrouter,718,820,1538,0,817,0,0,OpenRouterBackend,deepseek/deepseek-v4-flash,1782791605.304116,stage1_annotation,annotation,104890.0,E2L4_CACAGGCGTACCGTCG,,
openrouter,720,315,1035,0,238,0,0,OpenRouterBackend,deepseek/deepseek-v4-flash,1782791610.2214935,stage1_annotation,annotation,160970.0,E2L8_TGTTTGTTCCCTATTA,,
openrouter,717,64,781,0,0,0,0,OpenRouterBackend,deepseek/deepseek-v4-flash,1782791634.151115,stage1_annotation,annotation,68073.0,E2L1_ACGTAACAGGAAACGA,,
openrouter,721,86,807,0,0,0,0,OpenRouterBackend,deepseek/deepseek-v4-flash,1782791637.1130788,stage1_annotation,annotation,152153.0,E2L8_ATCGATGTCTCTGCCA,,
openrouter,724,437,1161,0,364,0,0,OpenRouterBackend,deepseek/deepseek-v4-flash,1782791645.1206772,stage1_annotation,annotation,156383.0,E2L8_GCAGCTGGTAGACGTG,,
openrouter,722,481,1203,0,414,0,0,OpenRouterBackend,deepseek/deepseek-v4-flash,1782791655.6264672,stage1_annotation,annotation,71129.0,E2L1_CCGTTCAGTGTATTCG,,
openrouter,718,84,802,0,0,0,0,OpenRouterBackend,deepseek/deepseek-v4-flash,1782791657.9621627,stage1_annotation,annotation,85223.0,E2L2_GCCATTCTCGGTCACG,,
openrouter,720,203,923,0,160,0,0,OpenRouterBackend,deepseek/deepseek-v4-flash,1782791661.3556557,stage1_annotation,annotation,5612.0,L1_CGTTGGGGTCATTCCC,,
openrouter,715,753,1468,0,677,0,0,OpenRouterBackend,deepseek/deepseek-v4-flash,1782791669.2925055,stage1_annotation,annotation,39416.0,L4_AACCTGAGTACCGTCG,,
openrouter,60,82,142,0,79,0,0,OpenRouterBackend,deepseek/deepseek-v4-flash,1782791673.0695214,llm_judge_binary,evaluation,,,0.0,0.0
openrouter,60,37,97,0,34,0,0,OpenRouterBackend,deepseek/deepseek-v4-flash,1782791678.5354626,llm_judge_binary,evaluation,,,1.0,1.0
openrouter,60,83,143,0,81,0,0,OpenRouterBackend,deepseek/deepseek-v4-flash,1782791681.049855,llm_judge_binary,evaluation,,,2.0,2.0
openrouter,60,2,62,0,0,0,0,OpenRouterBackend,deepseek/deepseek-v4-flash,1782791685.0021424,llm_judge_binary,evaluation,,,3.0,3.0
openrouter,60,2,62,0,0,0,0,OpenRouterBackend,deepseek/deepseek-v4-flash,1782791689.7250462,llm_judge_binary,evaluation,,,4.0,4.0
openrouter,60,92,152,0,89,0,0,OpenRouterBackend,deepseek/deepseek-v4-flash,1782791693.7893753,llm_judge_binary,evaluation,,,5.0,5.0
openrouter,60,81,141,0,79,0,0,OpenRouterBackend,deepseek/deepseek-v4-flash,1782791695.8655865,llm_judge_binary,evaluation,,,6.0,6.0
openrouter,60,38,98,0,36,0,0,OpenRouterBackend,deepseek/deepseek-v4-flash,1782791697.8734815,llm_judge_binary,evaluation,,,7.0,7.0
openrouter,60,58,118,0,56,0,0,OpenRouterBackend,deepseek/deepseek-v4-flash,1782791700.8068936,llm_judge_binary,evaluation,,,8.0,8.0
openrouter,60,93,153,0,90,0,0,OpenRouterBackend,deepseek/deepseek-v4-flash,1782791703.0399122,llm_judge_binary,evaluation,,,9.0,9.0
openrouter,60,2,62,0,0,0,0,OpenRouterBackend,deepseek/deepseek-v4-flash,1782791703.811303,llm_judge_binary,evaluation,,,10.0,10.0
openrouter,60,2,62,0,0,0,0,OpenRouterBackend,deepseek/deepseek-v4-flash,1782791704.610793,llm_judge_binary,evaluation,,,11.0,11.0
openrouter,62,117,179,0,115,0,0,OpenRouterBackend,deepseek/deepseek-v4-flash,1782791707.216806,llm_judge_binary,evaluation,,,12.0,12.0
openrouter,60,86,146,0,83,0,0,OpenRouterBackend,deepseek/deepseek-v4-flash,1782791709.7779803,llm_judge_binary,evaluation,,,13.0,13.0
openrouter,60,117,177,0,114,0,0,OpenRouterBackend,deepseek/deepseek-v4-flash,1782791712.8966541,llm_judge_binary,evaluation,,,14.0,14.0
openrouter,60,46,106,0,43,0,0,OpenRouterBackend,deepseek/deepseek-v4-flash,1782791714.2100022,llm_judge_binary,evaluation,,,15.0,15.0
openrouter,60,46,106,0,44,0,0,OpenRouterBackend,deepseek/deepseek-v4-flash,1782791716.7570758,llm_judge_binary,evaluation,,,16.0,16.0
openrouter,60,38,98,0,35,0,0,OpenRouterBackend,deepseek/deepseek-v4-flash,1782791718.638934,llm_judge_binary,evaluation,,,17.0,17.0
openrouter,60,2,62,0,0,0,0,OpenRouterBackend,deepseek/deepseek-v4-flash,1782791719.3327167,llm_judge_binary,evaluation,,,18.0,18.0
openrouter,60,42,102,0,41,0,0,OpenRouterBackend,deepseek/deepseek-v4-flash,1782791722.1167595,llm_judge_binary,evaluation,,,19.0,19.0
openrouter,62,2,64,0,0,0,0,OpenRouterBackend,deepseek/deepseek-v4-flash,1782791724.5965238,llm_judge_binary,evaluation,,,20.0,20.0
openrouter,62,2,64,0,0,0,0,OpenRouterBackend,deepseek/deepseek-v4-flash,1782791726.6483095,llm_judge_binary,evaluation,,,21.0,21.0
openrouter,62,40,102,0,37,0,0,OpenRouterBackend,deepseek/deepseek-v4-flash,1782791727.983189,llm_judge_binary,evaluation,,,22.0,22.0
openrouter,62,42,104,0,39,0,0,OpenRouterBackend,deepseek/deepseek-v4-flash,1782791729.0986006,llm_judge_binary,evaluation,,,23.0,23.0
openrouter,62,42,104,0,39,0,0,OpenRouterBackend,deepseek/deepseek-v4-flash,1782791730.5710773,llm_judge_binary,evaluation,,,24.0,24.0
openrouter,62,2,64,0,0,0,0,OpenRouterBackend,deepseek/deepseek-v4-flash,1782791731.5120819,llm_judge_binary,evaluation,,,25.0,25.0
openrouter,62,57,119,0,54,0,0,OpenRouterBackend,deepseek/deepseek-v4-flash,1782791733.1719756,llm_judge_binary,evaluation,,,26.0,26.0
openrouter,61,64,125,0,61,0,0,OpenRouterBackend,deepseek/deepseek-v4-flash,1782791736.1491961,llm_judge_binary,evaluation,,,27.0,27.0
openrouter,62,2,64,0,0,0,0,OpenRouterBackend,deepseek/deepseek-v4-flash,1782791739.6165004,llm_judge_binary,evaluation,,,28.0,28.0
openrouter,61,53,114,0,51,0,0,OpenRouterBackend,deepseek/deepseek-v4-flash,1782791750.099989,llm_judge_binary,evaluation,,,29.0,29.0
openrouter,61,2,63,0,0,0,0,OpenRouterBackend,deepseek/deepseek-v4-flash,1782791751.3205063,llm_judge_binary,evaluation,,,30.0,30.0
openrouter,64,46,110,0,44,0,0,OpenRouterBackend,deepseek/deepseek-v4-flash,1782791754.0541317,llm_judge_binary,evaluation,,,31.0,31.0
openrouter,64,58,122,0,55,0,0,OpenRouterBackend,deepseek/deepseek-v4-flash,1782791756.6761653,llm_judge_binary,evaluation,,,32.0,32.0
openrouter,61,2,63,0,0,0,0,OpenRouterBackend,deepseek/deepseek-v4-flash,1782791758.549307,llm_judge_binary,evaluation,,,33.0,33.0
openrouter,64,37,101,0,34,0,0,OpenRouterBackend,deepseek/deepseek-v4-flash,1782791759.2235985,llm_judge_binary,evaluation,,,34.0,34.0
openrouter,64,2,66,0,0,0,0,OpenRouterBackend,deepseek/deepseek-v4-flash,1782791761.7800903,llm_judge_binary,evaluation,,,35.0,35.0
openrouter,64,44,108,0,41,0,0,OpenRouterBackend,deepseek/deepseek-v4-flash,1782791762.543264,llm_judge_binary,evaluation,,,36.0,36.0
openrouter,64,2,66,0,0,0,0,OpenRouterBackend,deepseek/deepseek-v4-flash,1782791763.3709824,llm_judge_binary,evaluation,,,37.0,37.0
openrouter,64,2,66,0,0,0,0,OpenRouterBackend,deepseek/deepseek-v4-flash,1782791765.017334,llm_judge_binary,evaluation,,,38.0,38.0
openrouter,64,36,100,0,33,0,0,OpenRouterBackend,deepseek/deepseek-v4-flash,1782791766.2685306,llm_judge_binary,evaluation,,,39.0,39.0
openrouter,68,44,112,0,41,0,0,OpenRouterBackend,deepseek/deepseek-v4-flash,1782791767.9215991,llm_judge_binary,evaluation,,,40.0,40.0
openrouter,68,46,114,0,43,0,0,OpenRouterBackend,deepseek/deepseek-v4-flash,1782791770.313576,llm_judge_binary,evaluation,,,41.0,41.0
openrouter,68,44,112,0,41,0,0,OpenRouterBackend,deepseek/deepseek-v4-flash,1782791773.3876357,llm_judge_binary,evaluation,,,42.0,42.0
openrouter,68,51,119,0,48,0,0,OpenRouterBackend,deepseek/deepseek-v4-flash,1782791775.4213138,llm_judge_binary,evaluation,,,43.0,43.0
openrouter,68,35,103,0,32,0,0,OpenRouterBackend,deepseek/deepseek-v4-flash,1782791776.9665518,llm_judge_binary,evaluation,,,44.0,44.0
openrouter,64,50,114,0,48,0,0,OpenRouterBackend,deepseek/deepseek-v4-flash,1782791778.4236667,llm_judge_binary,evaluation,,,45.0,45.0
openrouter,63,2,65,0,0,0,0,OpenRouterBackend,deepseek/deepseek-v4-flash,1782791779.4012048,llm_judge_binary,evaluation,,,46.0,46.0
openrouter,64,52,116,0,49,0,0,OpenRouterBackend,deepseek/deepseek-v4-flash,1782791781.6465461,llm_judge_binary,evaluation,,,47.0,47.0
openrouter,64,2,66,0,0,0,0,OpenRouterBackend,deepseek/deepseek-v4-flash,1782791782.3576589,llm_judge_binary,evaluation,,,48.0,48.0
openrouter,64,51,115,0,48,0,0,OpenRouterBackend,deepseek/deepseek-v4-flash,1782791784.8932788,llm_judge_binary,evaluation,,,49.0,49.0
openrouter,62,56,118,0,53,0,0,OpenRouterBackend,deepseek/deepseek-v4-flash,1782791787.5154727,llm_judge_binary,evaluation,,,50.0,50.0
openrouter,63,82,145,0,80,0,0,OpenRouterBackend,deepseek/deepseek-v4-flash,1782791794.2065551,llm_judge_binary,evaluation,,,51.0,51.0
openrouter,62,34,96,0,31,0,0,OpenRouterBackend,deepseek/deepseek-v4-flash,1782791805.8881087,llm_judge_binary,evaluation,,,52.0,52.0
openrouter,63,56,119,0,53,0,0,OpenRouterBackend,deepseek/deepseek-v4-flash,1782791808.2268682,llm_judge_binary,evaluation,,,53.0,53.0
openrouter,62,2,64,0,0,0,0,OpenRouterBackend,deepseek/deepseek-v4-flash,1782791809.8002212,llm_judge_binary,evaluation,,,54.0,54.0
openrouter,62,80,142,0,77,0,0,OpenRouterBackend,deepseek/deepseek-v4-flash,1782791812.4815803,llm_judge_binary,evaluation,,,55.0,55.0
openrouter,64,2,66,0,0,0,0,OpenRouterBackend,deepseek/deepseek-v4-flash,1782791813.15434,llm_judge_binary,evaluation,,,56.0,56.0
openrouter,64,37,101,0,35,0,0,OpenRouterBackend,deepseek/deepseek-v4-flash,1782791825.6881204,llm_judge_binary,evaluation,,,57.0,57.0
openrouter,64,61,125,0,52,0,0,OpenRouterBackend,deepseek/deepseek-v4-flash,1782791826.7989936,llm_judge_binary,evaluation,,,58.0,58.0
openrouter,64,2,66,0,0,0,0,OpenRouterBackend,deepseek/deepseek-v4-flash,1782791828.400795,llm_judge_binary,evaluation,,,59.0,59.0
openrouter,68,53,121,0,51,0,0,OpenRouterBackend,deepseek/deepseek-v4-flash,1782791831.7138658,llm_judge_binary,evaluation,,,60.0,60.0
openrouter,68,2,70,0,0,0,0,OpenRouterBackend,deepseek/deepseek-v4-flash,1782791837.4221563,llm_judge_binary,evaluation,,,61.0,61.0
openrouter,68,53,121,0,50,0,0,OpenRouterBackend,deepseek/deepseek-v4-flash,1782791840.7392495,llm_judge_binary,evaluation,,,62.0,62.0
openrouter,68,50,118,0,47,0,0,OpenRouterBackend,deepseek/deepseek-v4-flash,1782791842.1305287,llm_judge_binary,evaluation,,,63.0,63.0
openrouter,68,52,120,0,49,0,0,OpenRouterBackend,deepseek/deepseek-v4-flash,1782791843.1704094,llm_judge_binary,evaluation,,,64.0,64.0
openrouter,63,70,133,0,67,0,0,OpenRouterBackend,deepseek/deepseek-v4-flash,1782791846.4505975,llm_judge_binary,evaluation,,,65.0,65.0
openrouter,63,77,140,0,74,0,0,OpenRouterBackend,deepseek/deepseek-v4-flash,1782791851.1515603,llm_judge_binary,evaluation,,,66.0,66.0
openrouter,64,2,66,0,0,0,0,OpenRouterBackend,deepseek/deepseek-v4-flash,1782791852.7386527,llm_judge_binary,evaluation,,,67.0,67.0
openrouter,62,85,147,0,82,0,0,OpenRouterBackend,deepseek/deepseek-v4-flash,1782791856.0507894,llm_judge_binary,evaluation,,,68.0,68.0
openrouter,63,2,65,0,0,0,0,OpenRouterBackend,deepseek/deepseek-v4-flash,1782791857.3287935,llm_judge_binary,evaluation,,,69.0,69.0
openrouter,60,2,62,0,0,0,0,OpenRouterBackend,deepseek/deepseek-v4-flash,1782791861.6347058,llm_judge_binary,evaluation,,,70.0,70.0
openrouter,60,2,62,0,0,0,0,OpenRouterBackend,deepseek/deepseek-v4-flash,1782791862.9826417,llm_judge_binary,evaluation,,,71.0,71.0
openrouter,62,49,111,0,46,0,0,OpenRouterBackend,deepseek/deepseek-v4-flash,1782791865.0519009,llm_judge_binary,evaluation,,,72.0,72.0
openrouter,62,54,116,0,51,0,0,OpenRouterBackend,deepseek/deepseek-v4-flash,1782791868.8625112,llm_judge_binary,evaluation,,,73.0,73.0
openrouter,60,2,62,0,0,0,0,OpenRouterBackend,deepseek/deepseek-v4-flash,1782791869.7609642,llm_judge_binary,evaluation,,,74.0,74.0
openrouter,62,2,64,0,0,0,0,OpenRouterBackend,deepseek/deepseek-v4-flash,1782791872.6207778,llm_judge_binary,evaluation,,,75.0,75.0
openrouter,61,108,169,0,105,0,0,OpenRouterBackend,deepseek/deepseek-v4-flash,1782791882.010456,llm_judge_binary,evaluation,,,76.0,76.0
openrouter,60,48,108,0,46,0,0,OpenRouterBackend,deepseek/deepseek-v4-flash,1782791884.321853,llm_judge_binary,evaluation,,,77.0,77.0
openrouter,60,71,131,0,68,0,0,OpenRouterBackend,deepseek/deepseek-v4-flash,1782791888.0275533,llm_judge_binary,evaluation,,,78.0,78.0
openrouter,60,38,98,0,35,0,0,OpenRouterBackend,deepseek/deepseek-v4-flash,1782791889.7949288,llm_judge_binary,evaluation,,,79.0,79.0
openrouter,62,2,64,0,0,0,0,OpenRouterBackend,deepseek/deepseek-v4-flash,1782791900.0757508,llm_judge_binary,evaluation,,,80.0,80.0
openrouter,60,89,149,0,86,0,0,OpenRouterBackend,deepseek/deepseek-v4-flash,1782791901.9020338,llm_judge_binary,evaluation,,,81.0,81.0
openrouter,62,2,64,0,0,0,0,OpenRouterBackend,deepseek/deepseek-v4-flash,1782791903.045707,llm_judge_binary,evaluation,,,82.0,82.0
openrouter,62,69,131,0,65,0,0,OpenRouterBackend,deepseek/deepseek-v4-flash,1782791918.2933614,llm_judge_binary,evaluation,,,83.0,83.0
openrouter,60,58,118,0,55,0,0,OpenRouterBackend,deepseek/deepseek-v4-flash,1782791920.1017232,llm_judge_binary,evaluation,,,84.0,84.0
openrouter,60,2,62,0,0,0,0,OpenRouterBackend,deepseek/deepseek-v4-flash,1782791921.0315948,llm_judge_binary,evaluation,,,85.0,85.0
openrouter,60,2,62,0,0,0,0,OpenRouterBackend,deepseek/deepseek-v4-flash,1782791928.4592285,llm_judge_binary,evaluation,,,86.0,86.0
openrouter,61,86,147,0,92,0,0,OpenRouterBackend,deepseek/deepseek-v4-flash,1782791936.369889,llm_judge_binary,evaluation,,,87.0,87.0
openrouter,60,38,98,0,35,0,0,OpenRouterBackend,deepseek/deepseek-v4-flash,1782791938.1484163,llm_judge_binary,evaluation,,,88.0,88.0
openrouter,60,2,62,0,0,0,0,OpenRouterBackend,deepseek/deepseek-v4-flash,1782791938.9124768,llm_judge_binary,evaluation,,,89.0,89.0
openrouter,60,2,62,0,0,0,0,OpenRouterBackend,deepseek/deepseek-v4-flash,1782791939.848194,llm_judge_binary,evaluation,,,90.0,90.0
openrouter,60,76,136,0,73,0,0,OpenRouterBackend,deepseek/deepseek-v4-flash,1782791942.0145714,llm_judge_binary,evaluation,,,91.0,91.0
openrouter,60,79,139,0,76,0,0,OpenRouterBackend,deepseek/deepseek-v4-flash,1782791943.8573797,llm_judge_binary,evaluation,,,92.0,92.0
openrouter,61,100,161,0,98,0,0,OpenRouterBackend,deepseek/deepseek-v4-flash,1782791948.492986,llm_judge_binary,evaluation,,,93.0,93.0
openrouter,61,101,162,29,98,0,0,OpenRouterBackend,deepseek/deepseek-v4-flash,1782791950.292813,llm_judge_binary,evaluation,,,94.0,94.0
openrouter,62,96,158,30,93,0,0,OpenRouterBackend,deepseek/deepseek-v4-flash,1782791952.1569283,llm_judge_binary,evaluation,,,95.0,95.0
openrouter,61,67,128,0,64,0,0,OpenRouterBackend,deepseek/deepseek-v4-flash,1782791965.189222,llm_judge_binary,evaluation,,,96.0,96.0
openrouter,62,101,163,0,98,0,0,OpenRouterBackend,deepseek/deepseek-v4-flash,1782791967.2716923,llm_judge_binary,evaluation,,,97.0,97.0
openrouter,60,36,96,0,34,0,0,OpenRouterBackend,deepseek/deepseek-v4-flash,1782791973.1645412,llm_judge_binary,evaluation,,,98.0,98.0
openrouter,60,76,136,0,73,0,0,OpenRouterBackend,deepseek/deepseek-v4-flash,1782791975.6205878,llm_judge_binary,evaluation,,,99.0,99.0
openrouter,58,36,94,0,34,0,0,OpenRouterBackend,deepseek/deepseek-v4-flash,1782791977.339579,llm_judge_binary,evaluation,,,100.0,100.0
openrouter,58,2,60,0,0,0,0,OpenRouterBackend,deepseek/deepseek-v4-flash,1782791978.212309,llm_judge_binary,evaluation,,,101.0,101.0
openrouter,58,2,60,0,0,0,0,OpenRouterBackend,deepseek/deepseek-v4-flash,1782791978.9159331,llm_judge_binary,evaluation,,,102.0,102.0
openrouter,58,46,104,0,43,0,0,OpenRouterBackend,deepseek/deepseek-v4-flash,1782791980.4063995,llm_judge_binary,evaluation,,,103.0,103.0
openrouter,58,2,60,0,0,0,0,OpenRouterBackend,deepseek/deepseek-v4-flash,1782791981.440229,llm_judge_binary,evaluation,,,104.0,104.0
openrouter,66,53,119,0,50,0,0,OpenRouterBackend,deepseek/deepseek-v4-flash,1782791983.203102,llm_judge_binary,evaluation,,,105.0,105.0
openrouter,64,88,152,0,85,0,0,OpenRouterBackend,deepseek/deepseek-v4-flash,1782791986.0807428,llm_judge_binary,evaluation,,,106.0,106.0
openrouter,66,45,111,0,42,0,0,OpenRouterBackend,deepseek/deepseek-v4-flash,1782791989.0473206,llm_judge_binary,evaluation,,,107.0,107.0
openrouter,62,125,187,0,122,0,0,OpenRouterBackend,deepseek/deepseek-v4-flash,1782791991.1190882,llm_judge_binary,evaluation,,,108.0,108.0
openrouter,66,51,117,0,48,0,0,OpenRouterBackend,deepseek/deepseek-v4-flash,1782791992.2906854,llm_judge_binary,evaluation,,,109.0,109.0
openrouter,62,173,235,0,170,0,0,OpenRouterBackend,deepseek/deepseek-v4-flash,1782791994.439419,llm_judge_binary,evaluation,,,110.0,110.0
openrouter,62,113,175,0,110,0,0,OpenRouterBackend,deepseek/deepseek-v4-flash,1782791996.6441872,llm_judge_binary,evaluation,,,111.0,111.0
openrouter,62,165,227,0,162,0,0,OpenRouterBackend,deepseek/deepseek-v4-flash,1782792002.654446,llm_judge_binary,evaluation,,,112.0,112.0
openrouter,64,110,174,0,107,0,0,OpenRouterBackend,deepseek/deepseek-v4-flash,1782792004.9267552,llm_judge_binary,evaluation,,,113.0,113.0
openrouter,62,2,64,0,0,0,0,OpenRouterBackend,deepseek/deepseek-v4-flash,1782792005.8429968,llm_judge_binary,evaluation,,,114.0,114.0
openrouter,64,46,110,0,45,0,0,OpenRouterBackend,deepseek/deepseek-v4-flash,1782792007.527689,llm_judge_binary,evaluation,,,115.0,115.0
openrouter,64,46,110,0,45,0,0,OpenRouterBackend,deepseek/deepseek-v4-flash,1782792016.8773637,llm_judge_binary,evaluation,,,116.0,116.0
openrouter,64,46,110,0,45,0,0,OpenRouterBackend,deepseek/deepseek-v4-flash,1782792019.925819,llm_judge_binary,evaluation,,,117.0,117.0
openrouter,64,46,110,0,45,0,0,OpenRouterBackend,deepseek/deepseek-v4-flash,1782792025.0015166,llm_judge_binary,evaluation,,,118.0,118.0
openrouter,64,39,103,0,37,0,0,OpenRouterBackend,deepseek/deepseek-v4-flash,1782792029.022573,llm_judge_binary,evaluation,,,119.0,119.0
openrouter,60,2,62,0,0,0,0,OpenRouterBackend,deepseek/deepseek-v4-flash,1782792031.2054021,llm_judge_binary,evaluation,,,120.0,120.0
openrouter,60,41,101,0,38,0,0,OpenRouterBackend,deepseek/deepseek-v4-flash,1782792033.8097408,llm_judge_binary,evaluation,,,121.0,121.0
openrouter,59,84,143,0,81,0,0,OpenRouterBackend,deepseek/deepseek-v4-flash,1782792036.14806,llm_judge_binary,evaluation,,,122.0,122.0
openrouter,60,40,100,0,37,0,0,OpenRouterBackend,deepseek/deepseek-v4-flash,1782792037.852623,llm_judge_binary,evaluation,,,123.0,123.0
openrouter,60,2,62,0,0,0,0,OpenRouterBackend,deepseek/deepseek-v4-flash,1782792039.657141,llm_judge_binary,evaluation,,,124.0,124.0
openrouter,62,85,147,0,82,0,0,OpenRouterBackend,deepseek/deepseek-v4-flash,1782792041.4723065,llm_judge_binary,evaluation,,,125.0,125.0
openrouter,62,116,178,0,113,0,0,OpenRouterBackend,deepseek/deepseek-v4-flash,1782792044.1127968,llm_judge_binary,evaluation,,,126.0,126.0
openrouter,60,43,103,0,40,0,0,OpenRouterBackend,deepseek/deepseek-v4-flash,1782792045.8374765,llm_judge_binary,evaluation,,,127.0,127.0
openrouter,62,100,162,0,97,0,0,OpenRouterBackend,deepseek/deepseek-v4-flash,1782792049.1283758,llm_judge_binary,evaluation,,,128.0,128.0
openrouter,60,115,175,0,113,0,0,OpenRouterBackend,deepseek/deepseek-v4-flash,1782792052.5150878,llm_judge_binary,evaluation,,,129.0,129.0
openrouter,62,2,64,0,0,0,0,OpenRouterBackend,deepseek/deepseek-v4-flash,1782792053.2256265,llm_judge_binary,evaluation,,,130.0,130.0
openrouter,61,87,148,0,84,0,0,OpenRouterBackend,deepseek/deepseek-v4-flash,1782792061.9093018,llm_judge_binary,evaluation,,,131.0,131.0
openrouter,62,39,101,24,36,0,0,OpenRouterBackend,deepseek/deepseek-v4-flash,1782792064.3106847,llm_judge_binary,evaluation,,,132.0,132.0
openrouter,62,40,102,26,37,0,0,OpenRouterBackend,deepseek/deepseek-v4-flash,1782792065.5348716,llm_judge_binary,evaluation,,,133.0,133.0
openrouter,61,75,136,0,72,0,0,OpenRouterBackend,deepseek/deepseek-v4-flash,1782792077.3651893,llm_judge_binary,evaluation,,,134.0,134.0
openrouter,62,32,94,0,29,0,0,OpenRouterBackend,deepseek/deepseek-v4-flash,1782792079.3679037,llm_judge_binary,evaluation,,,135.0,135.0
openrouter,62,45,107,0,42,0,0,OpenRouterBackend,deepseek/deepseek-v4-flash,1782792081.1319273,llm_judge_binary,evaluation,,,136.0,136.0
openrouter,62,67,129,0,64,0,0,OpenRouterBackend,deepseek/deepseek-v4-flash,1782792082.4588196,llm_judge_binary,evaluation,,,137.0,137.0
openrouter,62,2,64,0,0,0,0,OpenRouterBackend,deepseek/deepseek-v4-flash,1782792083.722069,llm_judge_binary,evaluation,,,138.0,138.0
openrouter,61,2,63,0,0,0,0,OpenRouterBackend,deepseek/deepseek-v4-flash,1782792087.9676707,llm_judge_binary,evaluation,,,139.0,139.0
openrouter,62,2,64,0,0,0,0,OpenRouterBackend,deepseek/deepseek-v4-flash,1782792090.3175862,llm_judge_binary,evaluation,,,140.0,140.0
openrouter,62,73,135,0,70,0,0,OpenRouterBackend,deepseek/deepseek-v4-flash,1782792092.3629935,llm_judge_binary,evaluation,,,141.0,141.0
openrouter,62,76,138,0,74,0,0,OpenRouterBackend,deepseek/deepseek-v4-flash,1782792094.3914557,llm_judge_binary,evaluation,,,142.0,142.0
openrouter,62,2,64,0,0,0,0,OpenRouterBackend,deepseek/deepseek-v4-flash,1782792096.0141575,llm_judge_binary,evaluation,,,143.0,143.0
openrouter,61,76,137,0,68,0,0,OpenRouterBackend,deepseek/deepseek-v4-flash,1782792098.6455977,llm_judge_binary,evaluation,,,144.0,144.0
openrouter,62,46,108,0,43,0,0,OpenRouterBackend,deepseek/deepseek-v4-flash,1782792100.4632728,llm_judge_binary,evaluation,,,145.0,145.0
openrouter,62,54,116,0,52,0,0,OpenRouterBackend,deepseek/deepseek-v4-flash,1782792102.323089,llm_judge_binary,evaluation,,,146.0,146.0
openrouter,62,2,64,0,0,0,0,OpenRouterBackend,deepseek/deepseek-v4-flash,1782792104.8214214,llm_judge_binary,evaluation,,,147.0,147.0
openrouter,63,107,170,0,104,0,0,OpenRouterBackend,deepseek/deepseek-v4-flash,1782792108.0465524,llm_judge_binary,evaluation,,,148.0,148.0
openrouter,60,2,62,0,0,0,0,OpenRouterBackend,deepseek/deepseek-v4-flash,1782792110.0063994,llm_judge_binary,evaluation,,,149.0,149.0
openrouter,60,49,109,0,46,0,0,OpenRouterBackend,deepseek/deepseek-v4-flash,1782792114.2242422,llm_judge_binary,evaluation,,,150.0,150.0
openrouter,60,2,62,0,0,0,0,OpenRouterBackend,deepseek/deepseek-v4-flash,1782792115.1061928,llm_judge_binary,evaluation,,,151.0,151.0
openrouter,60,33,93,0,30,0,0,OpenRouterBackend,deepseek/deepseek-v4-flash,1782792116.8943405,llm_judge_binary,evaluation,,,152.0,152.0
openrouter,60,54,114,0,51,0,0,OpenRouterBackend,deepseek/deepseek-v4-flash,1782792119.3768334,llm_judge_binary,evaluation,,,153.0,153.0
openrouter,60,2,62,0,0,0,0,OpenRouterBackend,deepseek/deepseek-v4-flash,1782792126.4048593,llm_judge_binary,evaluation,,,154.0,154.0
